solver,check,e,measured_order,min,max,passed
nwm9,paper_test_functions,,8.926226141147827,8.885114880365467,9.0,8.0
nwm9,kepler_M0.3,0.3,8.897123005800593,,,
nwm9,kepler_M0.3,0.7,8.896222624294213,,,
nwm9,kepler_M0.3,0.9,2.8202388722859344,,,
nwm9,kepler_M0.3,0.95,8.898716433808719,,,
nwm9,kepler_M0.3,0.99,4.479441687718395,,,
nwm9,kepler_M0.3,0.995,0.7207848758590853,,,
nwm9,kepler_M0.3,0.999,0.36483674640893643,,,
nwm9_guarded,paper_test_functions,,8.926226141147827,8.885114880365467,9.0,8.0
nwm9_guarded,kepler_M0.3,0.3,8.897123005800593,,,
nwm9_guarded,kepler_M0.3,0.7,8.896222624294213,,,
nwm9_guarded,kepler_M0.3,0.9,0.3961238419981529,,,
nwm9_guarded,kepler_M0.3,0.95,8.90292475203402,,,
nwm9_guarded,kepler_M0.3,0.99,,,,
nwm9_guarded,kepler_M0.3,0.995,,,,
nwm9_guarded,kepler_M0.3,0.999,0.6206267669385983,,,
nwm11,paper_test_functions,,10.760529756116501,10.714672187000287,10.833590158010107,8.0
nwm11,kepler_M0.3,0.3,10.71564416609673,,,
nwm11,kepler_M0.3,0.7,10.755615472353567,,,
nwm11,kepler_M0.3,0.9,10.876228876528923,,,
nwm11,kepler_M0.3,0.95,10.838613336389944,,,
nwm11,kepler_M0.3,0.99,10.733176277568782,,,
nwm11,kepler_M0.3,0.995,10.73896829696841,,,
nwm11,kepler_M0.3,0.999,10.744417453283335,,,
nwm11_guarded,paper_test_functions,,10.760529756116501,10.714672187000287,10.833590158010107,8.0
nwm11_guarded,kepler_M0.3,0.3,10.71564416609673,,,
nwm11_guarded,kepler_M0.3,0.7,10.755615472353567,,,
nwm11_guarded,kepler_M0.3,0.9,10.876228876528923,,,
nwm11_guarded,kepler_M0.3,0.95,10.838613336389944,,,
nwm11_guarded,kepler_M0.3,0.99,10.733176277568782,,,
nwm11_guarded,kepler_M0.3,0.995,10.73896829696841,,,
nwm11_guarded,kepler_M0.3,0.999,10.744417453283335,,,
