solver,e,M,iteration,error,residual,alpha_ratio,beta_ratio,converged
nwm11,0.9664018171371622,6.158482110660267e-06,0,0.5709720790231079,0.04870814269922957,,,False
nwm11,0.9664018171371622,6.158482110660267e-06,1,1.008553454145679,0.19083529310214947,0.002604874522250228,3.117251178481273e-05,False
nwm11,0.9664018171371622,6.158482110660267e-06,2,1.0584207565961263,0.21621230403456265,0.3328771286351232,0.607642493799701,False
nwm11,0.9664018171371622,6.158482110660267e-06,3,1.6571462405403696,0.6941526795079819,0.32947034844405143,1.6281198497976286,False
nwm11,0.9664018171371622,6.158482110660267e-06,4,1.33764024913986,0.3975235286514714,0.2882065313876503,0.20440115984127047,False
nwm11,0.9664018171371622,6.158482110660267e-06,5,3001.1475393646856,3001.9199479649064,0.3126571223590207,1141976383.7894633,False
nwm11,0.9664018171371622,6.158482110660267e-06,6,497.2256195116817,496.4971086586369,478.0380994187878,79.2729930735814,False
nwm11,0.9664018171371622,6.158482110660267e-06,7,67.73822985935436,68.68664813954433,1473.711227481559,204.89640151761134,False
nwm11,0.9664018171371622,6.158482110660267e-06,8,37.473754946807965,37.68970601385687,46.00663503949852,27.223086710367607,False
nwm11,0.9664018171371622,6.158482110660267e-06,9,1078.006915845956,1078.4187628656982,4589.483301582956,19007468.3175827,False
nwm11,0.9664018171371622,6.158482110660267e-06,10,1682.9652249862988,1683.739079188373,63.206844934263266,46.379663623565115,False
nwm11,0.9664018171371622,6.158482110660267e-06,11,223.0029585117131,222.95489688938073,467.8537155653031,63.41179332342535,False
nwm11,0.9664018171371622,6.158482110660267e-06,12,3263.7818325690537,3263.4663398099,10.488142513976317,196.14493815921563,False
nwm11,0.9664018171371622,6.158482110660267e-06,13,39283.95962288797,39282.99660695692,14.504845424031238,26794.548994903187,False
nwm11,0.9664018171371622,6.158482110660267e-06,14,22628.802289970652,22628.715468545754,21897.15633252019,12612.36651463107,False
nwm11,0.9664018171371622,6.158482110660267e-06,15,92017.12409999929,92017.24432227209,1678.7443590502526,3527.628160496024,False
nwm11,0.9664018171371622,6.158482110660267e-06,16,453396.18477277365,453395.2188904816,4706616.806907797,23159897.98550329,False
nwm11,0.9664018171371622,6.158482110660267e-06,17,262841.233885193,262841.12218239007,230783.10984933638,133787.92177387502,False
nwm11,0.9664018171371622,6.158482110660267e-06,18,1074465.4546470486,1074465.3839521792,19567.239127065375,76509.61245010459,False
nwm11,0.9664018171371622,6.158482110660267e-06,19,22745354.68549097,22745355.392052148,5636.975547300269,169698.49141700479,False
nwm11,0.9664018171371622,6.158482110660267e-06,20,43486327.502541125,43486327.63003307,23436.690167012122,44895.5384522442,False
nwm11,0.9664018171371622,6.158482110660267e-06,21,16566079.516244018,16566079.175917814,61462.63304196499,30045.561289781428,False
nwm11,0.9664018171371622,6.158482110660267e-06,22,155352304.22706744,155352303.48839903,56.139337849644996,4654.732046140337,False
nwm11,0.9664018171371622,6.158482110660267e-06,23,48496875.39302544,48496875.05569853,34478.26549448575,13245.945218486404,False
nwm11,0.9664018171371622,6.158482110660267e-06,24,468875015.3745534,468875014.7548841,79.93121056331826,1811.290044192198,False
nwm11,0.9664018171371622,6.158482110660267e-06,25,1341671264.9005163,1341671265.79144,1200.001917594073,3668.6282385220325,False
nwm11,0.9664018171371622,6.158482110660267e-06,26,289957123.274998,289957122.99875396,399.5302967724486,102.9458960479594,False
nwm11,0.9664018171371622,6.158482110660267e-06,27,2972146485.043209,2972146485.937054,1.8037738347060233,301.60310635419665,False
nwm11,0.9664018171371622,6.158482110660267e-06,28,1397280502.2538335,1397280503.129128,103.93446645684882,63.17073287203727,False
nwm11,0.9664018171371622,6.158482110660267e-06,29,56162244528.93607,56162244529.423164,8.810887245301855,5479.611901298178,False
nwm11,0.9664018171371622,6.158482110660267e-06,30,20477460902.85468,20477460903.67204,101287.9839394234,46072.360595406615,False
nwm11,0.9664018171371622,6.158482110660267e-06,31,22216123456.21251,22216123455.624798,368.33690407840317,429.9141947094478,False
nwm11,0.9664018171371622,6.158482110660267e-06,32,75191288627.90071,75191288628.36563,15.003271755491367,104.69656989185614,False
nwm11,0.9664018171371622,6.158482110660267e-06,33,408382949183.7986,408382949183.5124,24.20143502448021,809.3371108793365,False
nwm11,0.9664018171371622,6.158482110660267e-06,34,155227418785.71124,155227418784.96008,272517.76796573197,130792.10161291517,False
nwm11,0.9664018171371622,6.158482110660267e-06,35,52984952123.16164,52984952123.78418,9175.016267940066,3488.639152191502,False
nwm11,0.9664018171371622,6.158482110660267e-06,36,19841582466.247837,19841582465.28799,776.8987983070426,302.8539049577106,False
nwm11,0.9664018171371622,6.158482110660267e-06,37,133817628730.79059,133817628729.97934,4.1635057287525585,1952.8070526897236,False
nwm11,0.9664018171371622,6.158482110660267e-06,38,142087156971.50568,142087156972.12543,490.474657056549,557.2773092230615,False
nwm11,0.9664018171371622,6.158482110660267e-06,39,46037127228.34297,46037127227.59338,382.67422898205615,155.83197049311644,False
nwm11,0.9664018171371622,6.158482110660267e-06,40,23351012522.78308,23351012521.861008,0.6640257246938028,0.8088649856706207,False
nwm11,0.9664018171371622,6.158482110660267e-06,41,8473152.461103963,8473151.904179402,0.009024130500153398,0.10087063313009649,False
nwm11,0.9664018171371622,6.158482110660267e-06,42,545247.6435583748,545248.3971443052,0.09346791197520948,2.3882870831071763,False
nwm11,0.9664018171371622,6.158482110660267e-06,43,180120.6472297722,180120.12242630252,0.3525064119676831,1.879144461619182,False
nwm11,0.9664018171371622,6.158482110660267e-06,44,50822072.8151081,50822072.21470621,16.081409674666222,18119478.46703685,False
nwm11,0.9664018171371622,6.158482110660267e-06,45,23852573.414300274,23852573.628979318,37730560.846885614,17708326.724508174,False
nwm11,0.9664018171371622,6.158482110660267e-06,46,13260378.103393594,13260379.055531807,86189264.57592173,47914869.00777399,False
nwm11,0.9664018171371622,6.158482110660267e-06,47,2596437.384472238,2596438.186516955,37564.09616843639,7593.916805388792,False
nwm11,0.9664018171371622,6.158482110660267e-06,48,626775.7525549266,626775.5073419389,109.19086216135614,31.555332096147577,False
nwm11,0.9664018171371622,6.158482110660267e-06,49,7239548.58589761,7239548.923530727,1.6311431203227211,490.9376771088812,False
nwm11,0.9664018171371622,6.158482110660267e-06,50,2834094.404745134,2834093.685122381,90778.25299963844,43164.86965950137,False
nwm11_memoryless,0.9664018171371622,6.158482110660267e-06,0,0.5709720790231079,0.04870814269922957,,,True
nwm11_memoryless,0.9664018171371622,6.158482110660267e-06,1,1.0302467970743518,0.20154276604613947,,,True
nwm11_memoryless,0.9664018171371622,6.158482110660267e-06,2,0.2291760995598883,0.009638168005053824,,,True
nwm11_memoryless,0.9664018171371622,6.158482110660267e-06,3,0.0001649610297347337,5.542391833204073e-06,,,True
nwm11_memoryless,0.9664018171371622,6.158482110660267e-06,4,1.6263032587282567e-19,4.235164736271502e-21,,,True
nwm11_guarded,0.9664018171371622,6.158482110660267e-06,0,0.5709720790231079,0.04870814269922957,,,True
nwm11_guarded,0.9664018171371622,6.158482110660267e-06,1,1.008553454145679,0.19083529310214947,,,True
nwm11_guarded,0.9664018171371622,6.158482110660267e-06,2,0.9301400373836812,0.15544344357231515,,,True
nwm11_guarded,0.9664018171371622,6.158482110660267e-06,3,0.6116725587234423,0.05669622182976025,,,True
nwm11_guarded,0.9664018171371622,6.158482110660267e-06,4,0.20949217797983252,0.00852003273639507,,,True
nwm11_guarded,0.9664018171371622,6.158482110660267e-06,5,8.256046520974027e-06,2.7738828882345913e-07,,,True
nwm11_guarded,0.9664018171371622,6.158482110660267e-06,6,1.0842021724855044e-19,4.235164736271502e-21,,,True
