solver,guess,e,M,iteration,E,residual,error,step,cost_cos_only,cost_eval_points,cost_extra_flops,cost_sin_only,cost_sincos_pairs,cost_synthesised_derivatives
newton,simple,0.0,0.001,0,0.001,0.0,,,0,1,0,1,0,0
newton,simple,0.0,0.001,1,0.001,0.0,,0.0,0,1,0,2,1,0
newton,canonical,0.0,0.001,0,0.001,0.0,,,0,1,0,1,0,0
newton,canonical,0.0,0.001,1,0.001,0.0,,0.0,0,1,0,2,1,0
newton,radvel,0.0,0.001,0,0.001,0.0,,,0,1,0,1,0,0
newton,radvel,0.0,0.001,1,0.001,0.0,,0.0,0,1,0,2,1,0
newton,napier,0.0,0.001,0,0.001,0.0,,,0,1,0,1,0,0
newton,napier,0.0,0.001,1,0.001,0.0,,0.0,0,1,0,2,1,0
danby,simple,0.0,0.001,0,0.001,0.0,,,0,1,0,1,0,0
danby,simple,0.0,0.001,1,0.001,0.0,,0.0,0,1,0,2,1,0
danby,canonical,0.0,0.001,0,0.001,0.0,,,0,1,0,1,0,0
danby,canonical,0.0,0.001,1,0.001,0.0,,0.0,0,1,0,2,1,0
danby,radvel,0.0,0.001,0,0.001,0.0,,,0,1,0,1,0,0
danby,radvel,0.0,0.001,1,0.001,0.0,,0.0,0,1,0,2,1,0
danby,napier,0.0,0.001,0,0.001,0.0,,,0,1,0,1,0,0
danby,napier,0.0,0.001,1,0.001,0.0,,0.0,0,1,0,2,1,0
nwm9,simple,0.0,0.001,0,0.001,0.0,,,0,1,0,1,0,0
nwm9,simple,0.0,0.001,1,0.001,0.0,,0.0,0,1,0,3,1,0
nwm9,canonical,0.0,0.001,0,0.001,0.0,,,0,1,0,1,0,0
nwm9,canonical,0.0,0.001,1,0.001,0.0,,0.0,0,1,0,3,1,0
nwm9,radvel,0.0,0.001,0,0.001,0.0,,,0,1,0,1,0,0
nwm9,radvel,0.0,0.001,1,0.001,0.0,,0.0,0,1,0,3,1,0
nwm9,napier,0.0,0.001,0,0.001,0.0,,,0,1,0,1,0,0
nwm9,napier,0.0,0.001,1,0.001,0.0,,0.0,0,1,0,3,1,0
nwm11,simple,0.0,0.001,0,0.001,0.0,,,0,1,0,1,0,0
nwm11,simple,0.0,0.001,1,0.001,0.0,,0.0,0,1,0,2,1,0
nwm11,canonical,0.0,0.001,0,0.001,0.0,,,0,1,0,1,0,0
nwm11,canonical,0.0,0.001,1,0.001,0.0,,0.0,0,1,0,2,1,0
nwm11,radvel,0.0,0.001,0,0.001,0.0,,,0,1,0,1,0,0
nwm11,radvel,0.0,0.001,1,0.001,0.0,,0.0,0,1,0,2,1,0
nwm11,napier,0.0,0.001,0,0.001,0.0,,,0,1,0,1,0,0
nwm11,napier,0.0,0.001,1,0.001,0.0,,0.0,0,1,0,2,1,0
newton,simple,0.0,0.1,0,0.1,0.0,,,0,1,0,1,0,0
newton,simple,0.0,0.1,1,0.1,0.0,,0.0,0,1,0,2,1,0
newton,canonical,0.0,0.1,0,0.1,0.0,,,0,1,0,1,0,0
newton,canonical,0.0,0.1,1,0.1,0.0,,0.0,0,1,0,2,1,0
newton,radvel,0.0,0.1,0,0.1,0.0,,,0,1,0,1,0,0
newton,radvel,0.0,0.1,1,0.1,0.0,,0.0,0,1,0,2,1,0
newton,napier,0.0,0.1,0,0.1,0.0,,,0,1,0,1,0,0
newton,napier,0.0,0.1,1,0.1,0.0,,0.0,0,1,0,2,1,0
danby,simple,0.0,0.1,0,0.1,0.0,,,0,1,0,1,0,0
danby,simple,0.0,0.1,1,0.1,0.0,,0.0,0,1,0,2,1,0
danby,canonical,0.0,0.1,0,0.1,0.0,,,0,1,0,1,0,0
danby,canonical,0.0,0.1,1,0.1,0.0,,0.0,0,1,0,2,1,0
danby,radvel,0.0,0.1,0,0.1,0.0,,,0,1,0,1,0,0
danby,radvel,0.0,0.1,1,0.1,0.0,,0.0,0,1,0,2,1,0
danby,napier,0.0,0.1,0,0.1,0.0,,,0,1,0,1,0,0
danby,napier,0.0,0.1,1,0.1,0.0,,0.0,0,1,0,2,1,0
nwm9,simple,0.0,0.1,0,0.1,0.0,,,0,1,0,1,0,0
nwm9,simple,0.0,0.1,1,0.1,0.0,,0.0,0,1,0,3,1,0
nwm9,canonical,0.0,0.1,0,0.1,0.0,,,0,1,0,1,0,0
nwm9,canonical,0.0,0.1,1,0.1,0.0,,0.0,0,1,0,3,1,0
nwm9,radvel,0.0,0.1,0,0.1,0.0,,,0,1,0,1,0,0
nwm9,radvel,0.0,0.1,1,0.1,0.0,,0.0,0,1,0,3,1,0
nwm9,napier,0.0,0.1,0,0.1,0.0,,,0,1,0,1,0,0
nwm9,napier,0.0,0.1,1,0.1,0.0,,0.0,0,1,0,3,1,0
nwm11,simple,0.0,0.1,0,0.1,0.0,,,0,1,0,1,0,0
nwm11,simple,0.0,0.1,1,0.1,0.0,,0.0,0,1,0,2,1,0
nwm11,canonical,0.0,0.1,0,0.1,0.0,,,0,1,0,1,0,0
nwm11,canonical,0.0,0.1,1,0.1,0.0,,0.0,0,1,0,2,1,0
nwm11,radvel,0.0,0.1,0,0.1,0.0,,,0,1,0,1,0,0
nwm11,radvel,0.0,0.1,1,0.1,0.0,,0.0,0,1,0,2,1,0
nwm11,napier,0.0,0.1,0,0.1,0.0,,,0,1,0,1,0,0
nwm11,napier,0.0,0.1,1,0.1,0.0,,0.0,0,1,0,2,1,0
newton,simple,0.0,1.0,0,1.0,0.0,,,0,1,0,1,0,0
newton,simple,0.0,1.0,1,1.0,0.0,,0.0,0,1,0,2,1,0
newton,canonical,0.0,1.0,0,1.0,0.0,,,0,1,0,1,0,0
newton,canonical,0.0,1.0,1,1.0,0.0,,0.0,0,1,0,2,1,0
newton,radvel,0.0,1.0,0,1.0,0.0,,,0,1,0,1,0,0
newton,radvel,0.0,1.0,1,1.0,0.0,,0.0,0,1,0,2,1,0
newton,napier,0.0,1.0,0,1.0,0.0,,,0,1,0,1,0,0
newton,napier,0.0,1.0,1,1.0,0.0,,0.0,0,1,0,2,1,0
danby,simple,0.0,1.0,0,1.0,0.0,,,0,1,0,1,0,0
danby,simple,0.0,1.0,1,1.0,0.0,,0.0,0,1,0,2,1,0
danby,canonical,0.0,1.0,0,1.0,0.0,,,0,1,0,1,0,0
danby,canonical,0.0,1.0,1,1.0,0.0,,0.0,0,1,0,2,1,0
danby,radvel,0.0,1.0,0,1.0,0.0,,,0,1,0,1,0,0
danby,radvel,0.0,1.0,1,1.0,0.0,,0.0,0,1,0,2,1,0
danby,napier,0.0,1.0,0,1.0,0.0,,,0,1,0,1,0,0
danby,napier,0.0,1.0,1,1.0,0.0,,0.0,0,1,0,2,1,0
nwm9,simple,0.0,1.0,0,1.0,0.0,,,0,1,0,1,0,0
nwm9,simple,0.0,1.0,1,1.0,0.0,,0.0,0,1,0,3,1,0
nwm9,canonical,0.0,1.0,0,1.0,0.0,,,0,1,0,1,0,0
nwm9,canonical,0.0,1.0,1,1.0,0.0,,0.0,0,1,0,3,1,0
nwm9,radvel,0.0,1.0,0,1.0,0.0,,,0,1,0,1,0,0
nwm9,radvel,0.0,1.0,1,1.0,0.0,,0.0,0,1,0,3,1,0
nwm9,napier,0.0,1.0,0,1.0,0.0,,,0,1,0,1,0,0
nwm9,napier,0.0,1.0,1,1.0,0.0,,0.0,0,1,0,3,1,0
nwm11,simple,0.0,1.0,0,1.0,0.0,,,0,1,0,1,0,0
nwm11,simple,0.0,1.0,1,1.0,0.0,,0.0,0,1,0,2,1,0
nwm11,canonical,0.0,1.0,0,1.0,0.0,,,0,1,0,1,0,0
nwm11,canonical,0.0,1.0,1,1.0,0.0,,0.0,0,1,0,2,1,0
nwm11,radvel,0.0,1.0,0,1.0,0.0,,,0,1,0,1,0,0
nwm11,radvel,0.0,1.0,1,1.0,0.0,,0.0,0,1,0,2,1,0
nwm11,napier,0.0,1.0,0,1.0,0.0,,,0,1,0,1,0,0
nwm11,napier,0.0,1.0,1,1.0,0.0,,0.0,0,1,0,2,1,0
newton,simple,0.0,3.0,0,3.0,0.0,,,0,1,0,1,0,0
newton,simple,0.0,3.0,1,3.0,0.0,,0.0,0,1,0,2,1,0
newton,canonical,0.0,3.0,0,3.0,0.0,,,0,1,0,1,0,0
newton,canonical,0.0,3.0,1,3.0,0.0,,0.0,0,1,0,2,1,0
newton,radvel,0.0,3.0,0,3.0,0.0,,,0,1,0,1,0,0
newton,radvel,0.0,3.0,1,3.0,0.0,,0.0,0,1,0,2,1,0
newton,napier,0.0,3.0,0,3.0,0.0,,,0,1,0,1,0,0
newton,napier,0.0,3.0,1,3.0,0.0,,0.0,0,1,0,2,1,0
danby,simple,0.0,3.0,0,3.0,0.0,,,0,1,0,1,0,0
danby,simple,0.0,3.0,1,3.0,0.0,,0.0,0,1,0,2,1,0
danby,canonical,0.0,3.0,0,3.0,0.0,,,0,1,0,1,0,0
danby,canonical,0.0,3.0,1,3.0,0.0,,0.0,0,1,0,2,1,0
danby,radvel,0.0,3.0,0,3.0,0.0,,,0,1,0,1,0,0
danby,radvel,0.0,3.0,1,3.0,0.0,,0.0,0,1,0,2,1,0
danby,napier,0.0,3.0,0,3.0,0.0,,,0,1,0,1,0,0
danby,napier,0.0,3.0,1,3.0,0.0,,0.0,0,1,0,2,1,0
nwm9,simple,0.0,3.0,0,3.0,0.0,,,0,1,0,1,0,0
nwm9,simple,0.0,3.0,1,3.0,0.0,,0.0,0,1,0,3,1,0
nwm9,canonical,0.0,3.0,0,3.0,0.0,,,0,1,0,1,0,0
nwm9,canonical,0.0,3.0,1,3.0,0.0,,0.0,0,1,0,3,1,0
nwm9,radvel,0.0,3.0,0,3.0,0.0,,,0,1,0,1,0,0
nwm9,radvel,0.0,3.0,1,3.0,0.0,,0.0,0,1,0,3,1,0
nwm9,napier,0.0,3.0,0,3.0,0.0,,,0,1,0,1,0,0
nwm9,napier,0.0,3.0,1,3.0,0.0,,0.0,0,1,0,3,1,0
nwm11,simple,0.0,3.0,0,3.0,0.0,,,0,1,0,1,0,0
nwm11,simple,0.0,3.0,1,3.0,0.0,,0.0,0,1,0,2,1,0
nwm11,canonical,0.0,3.0,0,3.0,0.0,,,0,1,0,1,0,0
nwm11,canonical,0.0,3.0,1,3.0,0.0,,0.0,0,1,0,2,1,0
nwm11,radvel,0.0,3.0,0,3.0,0.0,,,0,1,0,1,0,0
nwm11,radvel,0.0,3.0,1,3.0,0.0,,0.0,0,1,0,2,1,0
nwm11,napier,0.0,3.0,0,3.0,0.0,,,0,1,0,1,0,0
nwm11,napier,0.0,3.0,1,3.0,0.0,,0.0,0,1,0,2,1,0
newton,simple,0.3,0.001,0,0.001,0.0002999999500000025,,,0,1,0,1,0,0
newton,simple,0.3,0.001,1,0.0014285712653061688,3.1486848068099094e-11,,0.00042857126530616873,0,2,0,2,1,0
newton,simple,0.3,0.001,2,0.0014285712203249768,0.0,,4.4981191948262333e-11,0,3,0,3,2,0
newton,canonical,0.3,0.001,0,0.0012999999500000025,8.999992515002018e-05,,,0,1,0,1,0,0
newton,canonical,0.3,0.001,1,0.0014285712250817297,3.329728420070621e-12,,0.0001285712750817272,0,2,0,2,1,0
newton,canonical,0.3,0.001,2,0.001428571220324977,0.0,,4.756752717410828e-12,0,3,0,3,2,0
newton,radvel,0.3,0.001,0,0.256,0.17903611630617133,,,0,1,0,1,0,0
newton,radvel,0.3,0.001,1,0.003757169964493212,0.001630021627015206,,0.2522428300355068,0,2,0,2,1,0
newton,radvel,0.3,0.001,2,0.0014285746840082955,2.4245793831846607e-09,,0.0023285952804849167,0,3,0,3,2,0
newton,radvel,0.3,0.001,3,0.001428571220324977,0.0,,3.4636833184595317e-09,0,4,0,4,3,0
newton,napier,0.3,0.001,0,0.17789999989999997,0.12381106740068634,,,0,1,0,1,0,0
newton,napier,0.3,0.001,1,0.0022153658958398437,0.0005507566707214956,,0.17568463400416012,0,2,0,2,1,0
newton,napier,0.3,0.001,2,0.0014285714794086265,1.8135863405661923e-10,,0.0007867944164312171,0,3,0,3,2,0
newton,napier,0.3,0.001,3,0.0014285712203249768,0.0,,2.5908364971634346e-10,0,4,0,4,3,0
danby,simple,0.3,0.001,0,0.001,0.0002999999500000025,,,0,1,0,1,0,0
danby,simple,0.3,0.001,1,0.0014285712203249757,8.673617379884035e-19,,0.0004285712203249757,0,2,0,2,1,0
danby,canonical,0.3,0.001,0,0.0012999999500000025,8.999992515002018e-05,,,0,1,0,1,0,0
danby,canonical,0.3,0.001,1,0.001428571220324977,0.0,,0.0001285712703249745,0,2,0,2,1,0
danby,radvel,0.3,0.001,0,0.256,0.17903611630617133,,,0,1,0,1,0,0
danby,radvel,0.3,0.001,1,0.001407974128019518,1.4417970828579062e-05,,0.2545920258719805,0,2,0,2,1,0
danby,radvel,0.3,0.001,2,0.001428571220324977,0.0,,2.0597092305459086e-05,0,3,0,3,2,0
danby,napier,0.3,0.001,0,0.17789999989999997,0.12381106740068634,,,0,1,0,1,0,0
danby,napier,0.3,0.001,1,0.0014252330205389019,2.336740869763893e-06,,0.17647476687946106,0,2,0,2,1,0
danby,napier,0.3,0.001,2,0.001428571220324977,0.0,,3.3381997860751356e-06,0,3,0,3,2,0
nwm9,simple,0.3,0.001,0,0.001,0.0002999999500000025,,,0,1,0,1,0,0
nwm9,simple,0.3,0.001,1,0.001428571220324977,0.0,,0.000428571220324977,0,4,0,4,1,0
nwm9,canonical,0.3,0.001,0,0.0012999999500000025,8.999992515002018e-05,,,0,1,0,1,0,0
nwm9,canonical,0.3,0.001,1,0.001428571220324977,0.0,,0.0001285712703249745,0,3,0,4,1,0
nwm9,radvel,0.3,0.001,0,0.256,0.17903611630617133,,,0,1,0,1,0,0
nwm9,radvel,0.3,0.001,1,0.0014285712221861185,1.3027996650233353e-12,,0.2545714287778139,0,4,0,4,1,0
nwm9,radvel,0.3,0.001,2,0.0014285712203249768,0.0,,1.8611416661290514e-12,0,5,0,7,2,0
nwm9,napier,0.3,0.001,0,0.17789999989999997,0.12381106740068634,,,0,1,0,1,0,0
nwm9,napier,0.3,0.001,1,0.0014285712203748037,3.487878388885868e-14,,0.17647142867962518,0,4,0,4,1,0
nwm9,napier,0.3,0.001,2,0.0014285712203249768,0.0,,4.9826896081350824e-14,0,5,0,7,2,0
nwm11,simple,0.3,0.001,0,0.001,0.0002999999500000025,,,0,1,0,1,0,0
nwm11,simple,0.3,0.001,1,0.001428571220324977,0.0,,0.000428571220324977,0,4,0,4,1,0
nwm11,canonical,0.3,0.001,0,0.0012999999500000025,8.999992515002018e-05,,,0,1,0,1,0,0
nwm11,canonical,0.3,0.001,1,0.0014285712203249768,0.0,,0.00012857127032497428,0,3,0,4,1,0
nwm11,radvel,0.3,0.001,0,0.256,0.17903611630617133,,,0,1,0,1,0,0
nwm11,radvel,0.3,0.001,1,0.0014285712252499875,3.4475087715146735e-12,,0.25457142877475003,0,4,0,4,1,0
nwm11,radvel,0.3,0.001,2,0.001428571220324977,0.0,,4.9250104862397226e-12,0,6,0,7,2,3
nwm11,napier,0.3,0.001,0,0.17789999989999997,0.12381106740068634,,,0,1,0,1,0,0
nwm11,napier,0.3,0.001,1,0.001428571220433765,7.615175851016787e-14,,0.1764714286795662,0,4,0,4,1,0
nwm11,napier,0.3,0.001,2,0.0014285712203249768,0.0,,1.0878819546589202e-13,0,5,0,6,2,1
newton,simple,0.3,0.1,0,0.1,0.029950024994048446,,,0,1,0,1,0,0
newton,simple,0.3,0.1,1,0.14269433833811154,3.116378779928486e-05,,0.04269433833811154,0,2,0,2,1,0
newton,simple,0.3,0.1,2,0.14265001171990982,4.1909031800457797e-11,,4.4326618201723234e-05,0,3,0,3,2,0
newton,simple,0.3,0.1,3,0.14265001166029925,0.0,,5.961056648295937e-11,0,4,0,4,3,0
newton,canonical,0.3,0.1,0,0.12995002499404845,0.008925351749840077,,,0,1,0,1,0,0
newton,canonical,0.3,0.1,1,0.1426546187416236,3.2389959919443267e-06,,0.012704593747575155,0,2,0,2,1,0
newton,canonical,0.3,0.1,2,0.1426500116609431,4.526379271396763e-13,,4.607080680507636e-06,0,3,0,3,2,0
newton,canonical,0.3,0.1,3,0.14265001166029928,0.0,,6.438183319801283e-13,0,4,0,4,3,0
newton,radvel,0.3,0.1,0,0.355,0.1507228904292647,,,0,1,0,1,0,0
newton,radvel,0.3,0.1,1,0.14528576463793197,0.0018532077567703642,,0.209714235362068,0,2,0,2,1,0
newton,radvel,0.3,0.1,2,0.14265022492764184,1.4993700503396212e-07,,0.0026355397102901246,0,3,0,3,2,0
newton,radvel,0.3,0.1,3,0.14265001166030067,9.71445146547012e-16,,2.132673411758823e-07,0,4,0,4,3,0
newton,napier,0.3,0.1,0,0.2372000499880969,0.06670544985427315,,,0,1,0,1,0,0
newton,napier,0.3,0.1,1,0.14303652373237,0.00027173941146035885,,0.09416352625572691,0,2,0,2,1,0
newton,napier,0.3,0.1,2,0.1426500161997056,3.1914168252544783e-09,,0.00038650753266439297,0,3,0,3,2,0
newton,napier,0.3,0.1,3,0.14265001166029928,0.0,,4.539406323056383e-09,0,4,0,4,3,0
danby,simple,0.3,0.1,0,0.1,0.029950024994048446,,,0,1,0,1,0,0
danby,simple,0.3,0.1,1,0.1426499989186525,8.957978858692428e-09,,0.04264999891865248,0,2,0,2,1,0
danby,simple,0.3,0.1,2,0.14265001166029928,0.0,,1.274164679321288e-08,0,3,0,3,2,0
danby,canonical,0.3,0.1,0,0.12995002499404845,0.008925351749840077,,,0,1,0,1,0,0
danby,canonical,0.3,0.1,1,0.14265001154575616,8.052922217949288e-11,,0.012699986551707704,0,2,0,2,1,0
danby,canonical,0.3,0.1,2,0.14265001166029928,0.0,,1.145431249849338e-10,0,3,0,3,2,0
danby,radvel,0.3,0.1,0,0.355,0.1507228904292647,,,0,1,0,1,0,0
danby,radvel,0.3,0.1,1,0.14263318745109638,1.1828206822606102e-05,,0.2123668125489036,0,2,0,2,1,0
danby,radvel,0.3,0.1,2,0.14265001166029925,0.0,,1.682420920287586e-05,0,3,0,3,2,0
danby,napier,0.3,0.1,0,0.2372000499880969,0.06670544985427315,,,0,1,0,1,0,0
danby,napier,0.3,0.1,1,0.14264950692157002,3.5485513547039993e-07,,0.09455054306652688,0,2,0,2,1,0
danby,napier,0.3,0.1,2,0.14265001166029925,0.0,,5.047387292289596e-07,0,3,0,3,2,0
nwm9,simple,0.3,0.1,0,0.1,0.029950024994048446,,,0,1,0,1,0,0
nwm9,simple,0.3,0.1,1,0.14265001166029928,0.0,,0.042650011660299275,0,4,0,4,1,0
nwm9,canonical,0.3,0.1,0,0.12995002499404845,0.008925351749840077,,,0,1,0,1,0,0
nwm9,canonical,0.3,0.1,1,0.14265001166029928,0.0,,0.012699986666250829,0,4,0,4,1,0
nwm9,radvel,0.3,0.1,0,0.355,0.1507228904292647,,,0,1,0,1,0,0
nwm9,radvel,0.3,0.1,1,0.1426500116606496,2.46302978013091e-13,,0.21234998833935037,0,4,0,4,1,0
nwm9,radvel,0.3,0.1,2,0.14265001166029928,0.0,,3.5033087542046815e-13,0,5,0,7,2,0
nwm9,napier,0.3,0.1,0,0.2372000499880969,0.06670544985427315,,,0,1,0,1,0,0
nwm9,napier,0.3,0.1,1,0.1426500116603003,7.216449660063518e-16,,0.0945500383277966,0,4,0,4,1,0
nwm11,simple,0.3,0.1,0,0.1,0.029950024994048446,,,0,1,0,1,0,0
nwm11,simple,0.3,0.1,1,0.14265001166029928,0.0,,0.042650011660299275,0,4,0,4,1,0
nwm11,canonical,0.3,0.1,0,0.12995002499404845,0.008925351749840077,,,0,1,0,1,0,0
nwm11,canonical,0.3,0.1,1,0.14265001166029928,0.0,,0.012699986666250829,0,4,0,4,1,0
nwm11,radvel,0.3,0.1,0,0.355,0.1507228904292647,,,0,1,0,1,0,0
nwm11,radvel,0.3,0.1,1,0.14265001166843227,5.717884499212289e-12,,0.2123499883315677,0,4,0,4,1,0
nwm11,radvel,0.3,0.1,2,0.14265001166029928,0.0,,8.132994278042815e-12,0,5,0,6,2,1
nwm11,napier,0.3,0.1,0,0.2372000499880969,0.06670544985427315,,,0,1,0,1,0,0
nwm11,napier,0.3,0.1,1,0.14265001166030597,4.718447854656915e-15,,0.09455003832779094,0,4,0,4,1,0
newton,simple,0.3,1.0,0,1.0,0.25244129544236893,,,0,1,0,1,0,0
newton,simple,0.3,1.0,1,1.3012752012180726,0.012105646202797526,,0.3012752012180726,0,2,0,2,1,0
newton,simple,0.3,1.0,2,1.288118592417824,2.4996417616662825e-05,,0.013156608800248604,0,3,0,3,2,0
newton,simple,0.3,1.0,3,1.2880913133288192,1.0719181098295394e-10,,2.72790890047947e-05,0,4,0,4,3,0
newton,simple,0.3,1.0,4,1.2880913132118377,0.0,,1.1698153556949364e-10,0,5,0,5,4,0
newton,canonical,0.3,1.0,0,1.252441295442369,0.03248418026783906,,,0,1,0,1,0,0
newton,canonical,0.3,1.0,1,1.2882918975052642,0.0001838039335899655,,0.035850602062895254,0,2,0,2,1,0
newton,canonical,0.3,1.0,2,1.2880913195365287,5.795401047947735e-09,,0.0002005779687355158,0,3,0,3,2,0
newton,canonical,0.3,1.0,3,1.2880913132118377,0.0,,6.324690993153581e-09,0,4,0,4,3,0
newton,radvel,0.3,1.0,0,1.255,0.030164808694597922,,,0,1,0,1,0,0
newton,radvel,0.3,1.0,1,1.2882640925654198,0.00015832439059493275,,0.033264092565419956,0,2,0,2,1,0
newton,radvel,0.3,1.0,2,1.2880913179046223,4.300062972362184e-09,,0.00017277466079756998,0,3,0,3,2,0
newton,radvel,0.3,1.0,3,1.2880913132118377,0.0,,4.692784605353495e-09,0,4,0,4,3,0
newton,napier,0.3,1.0,0,1.252441295442369,0.03248418026783906,,,0,1,0,1,0,0
newton,napier,0.3,1.0,1,1.2882918975052642,0.0001838039335899655,,0.035850602062895254,0,2,0,2,1,0
newton,napier,0.3,1.0,2,1.2880913195365287,5.795401047947735e-09,,0.0002005779687355158,0,3,0,3,2,0
newton,napier,0.3,1.0,3,1.2880913132118377,0.0,,6.324690993153581e-09,0,4,0,4,3,0
danby,simple,0.3,1.0,0,1.0,0.25244129544236893,,,0,1,0,1,0,0
danby,simple,0.3,1.0,1,1.2880009539850508,8.279622217388649e-05,,0.28800095398505077,0,2,0,2,1,0
danby,simple,0.3,1.0,2,1.2880913132118377,0.0,,9.035922678690689e-05,0,3,0,3,2,0
danby,canonical,0.3,1.0,0,1.252441295442369,0.03248418026783906,,,0,1,0,1,0,0
danby,canonical,0.3,1.0,1,1.2880912941457514,1.7470516144868498e-08,,0.03564999870338248,0,2,0,2,1,0
danby,canonical,0.3,1.0,2,1.2880913132118377,0.0,,1.9066086265340232e-08,0,3,0,3,2,0
danby,radvel,0.3,1.0,0,1.255,0.030164808694597922,,,0,1,0,1,0,0
danby,radvel,0.3,1.0,1,1.288091299074587,1.2954156636268976e-08,,0.03309129907458708,0,2,0,2,1,0
danby,radvel,0.3,1.0,2,1.2880913132118377,0.0,,1.413725070342764e-08,0,3,0,3,2,0
danby,napier,0.3,1.0,0,1.252441295442369,0.03248418026783906,,,0,1,0,1,0,0
danby,napier,0.3,1.0,1,1.2880912941457514,1.7470516144868498e-08,,0.03564999870338248,0,2,0,2,1,0
danby,napier,0.3,1.0,2,1.2880913132118377,0.0,,1.9066086265340232e-08,0,3,0,3,2,0
nwm9,simple,0.3,1.0,0,1.0,0.25244129544236893,,,0,1,0,1,0,0
nwm9,simple,0.3,1.0,1,1.2880913372000575,2.1980734787874212e-08,,0.28809133720005753,0,4,0,4,1,0
nwm9,simple,0.3,1.0,2,1.2880913132118377,0.0,,2.3988219854942372e-08,0,5,0,7,2,0
nwm9,canonical,0.3,1.0,0,1.252441295442369,0.03248418026783906,,,0,1,0,1,0,0
nwm9,canonical,0.3,1.0,1,1.2880913132118381,4.440892098500626e-16,,0.03565001776946919,0,4,0,4,1,0
nwm9,radvel,0.3,1.0,0,1.255,0.030164808694597922,,,0,1,0,1,0,0
nwm9,radvel,0.3,1.0,1,1.2880913132118381,4.440892098500626e-16,,0.033091313211838225,0,4,0,4,1,0
nwm9,napier,0.3,1.0,0,1.252441295442369,0.03248418026783906,,,0,1,0,1,0,0
nwm9,napier,0.3,1.0,1,1.2880913132118381,4.440892098500626e-16,,0.03565001776946919,0,4,0,4,1,0
nwm11,simple,0.3,1.0,0,1.0,0.25244129544236893,,,0,1,0,1,0,0
nwm11,simple,0.3,1.0,1,1.288091313705685,4.5251913327604143e-10,,0.2880913137056851,0,4,0,4,1,0
nwm11,simple,0.3,1.0,2,1.2880913132118377,0.0,,4.938474074123178e-10,0,5,0,6,2,1
nwm11,canonical,0.3,1.0,0,1.252441295442369,0.03248418026783906,,,0,1,0,1,0,0
nwm11,canonical,0.3,1.0,1,1.2880913132118377,0.0,,0.035650017769468745,0,4,0,4,1,0
nwm11,radvel,0.3,1.0,0,1.255,0.030164808694597922,,,0,1,0,1,0,0
nwm11,radvel,0.3,1.0,1,1.2880913132118377,0.0,,0.03309131321183778,0,4,0,4,1,0
nwm11,napier,0.3,1.0,0,1.252441295442369,0.03248418026783906,,,0,1,0,1,0,0
nwm11,napier,0.3,1.0,1,1.2880913132118377,0.0,,0.035650017769468745,0,4,0,4,1,0
newton,simple,0.3,3.0,0,3.0,0.042336002417960206,,,0,1,0,1,0,0
newton,simple,0.3,3.0,1,3.0326415388548287,2.0830433957286232e-05,,0.03264153885482868,0,2,0,2,1,0
newton,simple,0.3,3.0,2,3.0326254934892036,4.198863479132342e-12,,1.6045365625050323e-05,0,3,0,3,2,0
newton,simple,0.3,3.0,3,3.0326254934859693,0.0,,3.234301715338006e-12,0,4,0,4,3,0
newton,canonical,0.3,3.0,0,3.04233600241796,0.012607876232265447,,,0,1,0,1,0,0
newton,canonical,0.3,3.0,1,3.032626607934315,1.4467999154277322e-06,,0.009709394483645273,0,2,0,2,1,0
newton,canonical,0.3,3.0,2,3.032625493485985,2.042810365310288e-14,,1.1144483300640218e-06,0,3,0,3,2,0
newton,canonical,0.3,3.0,3,3.0326254934859693,0.0,,1.554312234475219e-14,0,4,0,4,3,0
newton,radvel,0.3,3.0,0,3.255,0.28894932292894104,,,0,1,0,1,0,0
newton,radvel,0.3,3.0,1,3.0324013102398397,0.0002910385070276078,,0.22259868976016017,0,2,0,2,1,0
newton,radvel,0.3,3.0,2,3.0326254941183524,8.209730673058857e-10,,0.00022418387851264043,0,3,0,3,2,0
newton,radvel,0.3,3.0,3,3.032625493485969,4.440892098500626e-16,,6.32383478915699e-10,0,4,0,4,3,0
newton,napier,0.3,3.0,0,3.04233600241796,0.012607876232265447,,,0,1,0,1,0,0
newton,napier,0.3,3.0,1,3.032626607934315,1.4467999154277322e-06,,0.009709394483645273,0,2,0,2,1,0
newton,napier,0.3,3.0,2,3.032625493485985,2.042810365310288e-14,,1.1144483300640218e-06,0,3,0,3,2,0
newton,napier,0.3,3.0,3,3.0326254934859693,0.0,,1.554312234475219e-14,0,4,0,4,3,0
danby,simple,0.3,3.0,0,3.0,0.042336002417960206,,,0,1,0,1,0,0
danby,simple,0.3,3.0,1,3.0326254926182763,1.1264567056912256e-09,,0.0326254926182763,0,2,0,2,1,0
danby,simple,0.3,3.0,2,3.032625493485969,4.440892098500626e-16,,8.676925844497418e-10,0,3,0,3,2,0
danby,canonical,0.3,3.0,0,3.04233600241796,0.012607876232265447,,,0,1,0,1,0,0
danby,canonical,0.3,3.0,1,3.0326254934814894,5.81579229219642e-12,,0.009710508936470852,0,2,0,2,1,0
danby,canonical,0.3,3.0,2,3.0326254934859693,0.0,,4.479971948967432e-12,0,3,0,3,2,0
danby,radvel,0.3,3.0,0,3.255,0.28894932292894104,,,0,1,0,1,0,0
danby,radvel,0.3,3.0,1,3.0326274810472076,2.5802931773455384e-06,,0.2223725189527923,0,2,0,2,1,0
danby,radvel,0.3,3.0,2,3.0326254934859693,0.0,,1.987561238259161e-06,0,3,0,3,2,0
danby,napier,0.3,3.0,0,3.04233600241796,0.012607876232265447,,,0,1,0,1,0,0
danby,napier,0.3,3.0,1,3.0326254934814894,5.81579229219642e-12,,0.009710508936470852,0,2,0,2,1,0
danby,napier,0.3,3.0,2,3.0326254934859693,0.0,,4.479971948967432e-12,0,3,0,3,2,0
nwm9,simple,0.3,3.0,0,3.0,0.042336002417960206,,,0,1,0,1,0,0
nwm9,simple,0.3,3.0,1,3.0326254934859693,0.0,,0.032625493485969326,0,4,0,4,1,0
nwm9,canonical,0.3,3.0,0,3.04233600241796,0.012607876232265447,,,0,1,0,1,0,0
nwm9,canonical,0.3,3.0,1,3.0326254934859693,0.0,,0.00971050893199088,0,4,0,4,1,0
nwm9,radvel,0.3,3.0,0,3.255,0.28894932292894104,,,0,1,0,1,0,0
nwm9,radvel,0.3,3.0,1,3.0326254934859715,3.1086244689504383e-15,,0.22237450651402835,0,4,0,4,1,0
nwm9,napier,0.3,3.0,0,3.04233600241796,0.012607876232265447,,,0,1,0,1,0,0
nwm9,napier,0.3,3.0,1,3.0326254934859693,0.0,,0.00971050893199088,0,4,0,4,1,0
nwm11,simple,0.3,3.0,0,3.0,0.042336002417960206,,,0,1,0,1,0,0
nwm11,simple,0.3,3.0,1,3.0326254934859693,0.0,,0.032625493485969326,0,4,0,4,1,0
nwm11,canonical,0.3,3.0,0,3.04233600241796,0.012607876232265447,,,0,1,0,1,0,0
nwm11,canonical,0.3,3.0,1,3.0326254934859693,0.0,,0.00971050893199088,0,4,0,4,1,0
nwm11,radvel,0.3,3.0,0,3.255,0.28894932292894104,,,0,1,0,1,0,0
nwm11,radvel,0.3,3.0,1,3.032625493485971,2.6645352591003757e-15,,0.2223745065140288,0,4,0,4,1,0
nwm11,napier,0.3,3.0,0,3.04233600241796,0.012607876232265447,,,0,1,0,1,0,0
nwm11,napier,0.3,3.0,1,3.0326254934859693,0.0,,0.00971050893199088,0,4,0,4,1,0
newton,simple,0.6,0.001,0,0.001,0.000599999900000005,,,0,1,0,1,0,0
newton,simple,0.6,0.001,1,0.0024999986250011375,1.0124973886648653e-09,,0.0014999986250011374,0,2,0,2,1,0
newton,simple,0.6,0.001,2,0.0024999960937695308,2.168404344971009e-19,,2.5312316066956886e-09,0,3,0,3,2,0
newton,canonical,0.6,0.001,0,0.001599999900000005,0.0003599996304001271,,,0,1,0,1,0,0
newton,canonical,0.6,0.001,1,0.0024999972480059993,4.6169675135994404e-10,,0.0008999973480059943,0,2,0,2,1,0
newton,canonical,0.6,0.001,2,0.002499996093769531,0.0,,1.1542364681225992e-09,0,3,0,3,2,0
newton,radvel,0.6,0.001,0,0.511,0.21657015170610439,,,0,1,0,1,0,0
newton,radvel,0.6,0.001,1,0.056637766616693785,0.021673272202936925,,0.4543622333833062,0,2,0,2,1,0
newton,radvel,0.6,0.001,2,0.002584596652409954,3.3840387510115835e-05,,0.05405316996428383,0,3,0,3,2,0
newton,radvel,0.6,0.001,3,0.002499996107492032,5.489026117314055e-12,,8.460054491792176e-05,0,4,0,4,3,0
newton,radvel,0.6,0.001,4,0.002499996093769531,0.0,,1.372250100009631e-11,0,5,0,5,4,0
newton,napier,0.6,0.001,0,0.35579999979999993,0.14579577724173437,,,0,1,0,1,0,0
newton,napier,0.6,0.001,1,0.022612772099413425,0.008046265085952829,,0.3331872277005865,0,2,0,2,1,0
newton,napier,0.6,0.001,2,0.002504820517636539,1.9297786100324742e-06,,0.020107951581776886,0,3,0,3,2,0
newton,napier,0.6,0.001,3,0.0024999960938132276,1.747885690350781e-14,,4.8244238233115765e-06,0,4,0,4,3,0
newton,napier,0.6,0.001,4,0.0024999960937695308,2.168404344971009e-19,,4.369681699811778e-14,0,5,0,5,4,0
danby,simple,0.6,0.001,0,0.001,0.000599999900000005,,,0,1,0,1,0,0
danby,simple,0.6,0.001,1,0.0024999960937672214,9.239570913921469e-16,,0.0014999960937672214,0,2,0,2,1,0
danby,canonical,0.6,0.001,0,0.001599999900000005,0.0003599996304001271,,,0,1,0,1,0,0
danby,canonical,0.6,0.001,1,0.0024999960937691873,1.3769367590565906e-16,,0.0008999961937691823,0,2,0,2,1,0
danby,radvel,0.6,0.001,0,0.511,0.21657015170610439,,,0,1,0,1,0,0
danby,radvel,0.6,0.001,1,-0.0003998086184563432,0.0011599234537733552,,0.5113998086184564,0,2,0,2,1,0
danby,radvel,0.6,0.001,2,0.002499996093748405,8.450488572786519e-15,,0.002899804712204748,0,3,0,3,2,0
danby,napier,0.6,0.001,0,0.35579999979999993,0.14579577724173437,,,0,1,0,1,0,0
danby,napier,0.6,0.001,1,0.001955378114340045,0.00021784800662460481,,0.3538446216856599,0,2,0,2,1,0
danby,napier,0.6,0.001,2,0.0024999960937694818,1.973247953923618e-17,,0.0005446179794294367,0,3,0,3,2,0
nwm9,simple,0.6,0.001,0,0.001,0.000599999900000005,,,0,1,0,1,0,0
nwm9,simple,0.6,0.001,1,0.002499996093769531,0.0,,0.0014999960937695312,0,4,0,4,1,0
nwm9,canonical,0.6,0.001,0,0.001599999900000005,0.0003599996304001271,,,0,1,0,1,0,0
nwm9,canonical,0.6,0.001,1,0.002499996093769531,0.0,,0.0008999961937695262,0,4,0,4,1,0
nwm9,radvel,0.6,0.001,0,0.511,0.21657015170610439,,,0,1,0,1,0,0
nwm9,radvel,0.6,0.001,1,0.0024998269235442083,6.766840730072429e-08,,0.5085001730764558,0,4,0,4,1,0
nwm9,radvel,0.6,0.001,2,0.002499996093769531,0.0,,1.6917022532293713e-07,0,6,0,7,2,3
nwm9,napier,0.6,0.001,0,0.35579999979999993,0.14579577724173437,,,0,1,0,1,0,0
nwm9,napier,0.6,0.001,1,0.002499997312646154,4.875529344399582e-10,,0.35330000248735377,0,4,0,4,1,0
nwm9,napier,0.6,0.001,2,0.002499996093769531,0.0,,1.2188766228965475e-09,0,7,0,7,2,3
nwm11,simple,0.6,0.001,0,0.001,0.000599999900000005,,,0,1,0,1,0,0
nwm11,simple,0.6,0.001,1,0.0024999960937695316,2.168404344971009e-19,,0.0014999960937695316,0,4,0,4,1,0
nwm11,canonical,0.6,0.001,0,0.001599999900000005,0.0003599996304001271,,,0,1,0,1,0,0
nwm11,canonical,0.6,0.001,1,0.002499996093769531,0.0,,0.0008999961937695262,0,4,0,4,1,0
nwm11,radvel,0.6,0.001,0,0.511,0.21657015170610439,,,0,1,0,1,0,0
nwm11,radvel,0.6,0.001,1,0.002500785261018679,3.1566837980947886e-07,,0.5084992147389813,0,4,0,4,1,0
nwm11,radvel,0.6,0.001,2,0.002499996093769531,0.0,,7.891672491478624e-07,0,5,0,6,2,1
nwm11,napier,0.6,0.001,0,0.35579999979999993,0.14579577724173437,,,0,1,0,1,0,0
nwm11,napier,0.6,0.001,1,0.0025000137187899604,7.050041218566519e-09,,0.35329998608121,0,4,0,4,1,0
nwm11,napier,0.6,0.001,2,0.002499996093769531,0.0,,1.7625020429234972e-08,0,6,0,7,2,3
newton,simple,0.6,0.1,0,0.1,0.05990004998809689,,,0,1,0,1,0,0
newton,simple,0.6,0.1,1,0.2486362815259535,0.0009868380202468219,,0.14863628152595348,0,2,0,2,1,0
newton,simple,0.6,0.1,2,0.24627796756273607,4.0931540915001285e-07,,0.0023583139632174233,0,3,0,3,2,0
newton,simple,0.6,0.1,3,0.24627698858300182,7.011058400507864e-14,,9.789797342507622e-07,0,4,0,4,3,0
newton,simple,0.6,0.1,4,0.24627698858283412,2.7755575615628914e-17,,1.676991878696299e-13,0,5,0,5,4,0
newton,canonical,0.6,0.1,0,0.1599000499880969,0.03563166947583768,,,0,1,0,1,0,0
newton,canonical,0.6,0.1,1,0.24730668062089628,0.0004305959343131882,,0.08740663063279938,0,2,0,2,1,0
newton,canonical,0.6,0.1,2,0.24627717449335332,7.77299201948356e-08,,0.0010295061275429618,0,3,0,3,2,0
newton,canonical,0.6,0.1,3,0.24627698858284022,2.525757381022231e-15,,1.859105130952443e-07,0,4,0,4,3,0
newton,radvel,0.6,0.1,0,0.61,0.1662795239397112,,,0,1,0,1,0,0
newton,radvel,0.6,0.1,1,0.2828141224691928,0.015378675411994114,,0.3271858775308072,0,2,0,2,1,0
newton,radvel,0.6,0.1,2,0.24652959610417,0.00010562086461568532,,0.0362845263650228,0,3,0,3,2,0
newton,radvel,0.6,0.1,3,0.24627699975164064,4.669721831440654e-09,,0.00025259635252936063,0,4,0,4,3,0
newton,radvel,0.6,0.1,4,0.24627698858283417,0.0,,1.1168806463013325e-08,0,5,0,5,4,0
newton,napier,0.6,0.1,0,0.4744000999761938,0.10031717306063678,,,0,1,0,1,0,0
newton,napier,0.6,0.1,1,0.25924716893749233,0.005435398507861955,,0.21515293103870148,0,2,0,2,1,0
newton,napier,0.6,0.1,2,0.24630728606034102,1.2667561389151372e-05,,0.01293988287715131,0,3,0,3,2,0
newton,napier,0.6,0.1,3,0.2462769887434192,6.714123701456742e-11,,3.0297316921834572e-05,0,4,0,4,3,0
newton,napier,0.6,0.1,4,0.24627698858283414,2.7755575615628914e-17,,1.6058504526128559e-10,0,5,0,5,4,0
danby,simple,0.6,0.1,0,0.1,0.05990004998809689,,,0,1,0,1,0,0
danby,simple,0.6,0.1,1,0.24625785704097924,7.998945963288984e-06,,0.14625785704097924,0,2,0,2,1,0
danby,simple,0.6,0.1,2,0.2462769885828342,2.7755575615628914e-17,,1.913154185495536e-05,0,3,0,3,2,0
danby,canonical,0.6,0.1,0,0.1599000499880969,0.03563166947583768,,,0,1,0,1,0,0
danby,canonical,0.6,0.1,1,0.24627444491040673,1.0635189514884846e-06,,0.08637439492230983,0,2,0,2,1,0
danby,canonical,0.6,0.1,2,0.24627698858283417,0.0,,2.543672427440802e-06,0,3,0,3,2,0
danby,radvel,0.6,0.1,0,0.61,0.1662795239397112,,,0,1,0,1,0,0
danby,radvel,0.6,0.1,1,0.24541494817697357,0.0003603681887362209,,0.3645850518230264,0,2,0,2,1,0
danby,radvel,0.6,0.1,2,0.24627698858280672,1.1463052729254741e-14,,0.0008620404058331532,0,3,0,3,2,0
danby,radvel,0.6,0.1,3,0.24627698858283414,2.7755575615628914e-17,,2.7422508708241367e-14,0,4,0,4,3,0
danby,napier,0.6,0.1,0,0.4744000999761938,0.10031717306063678,,,0,1,0,1,0,0
danby,napier,0.6,0.1,1,0.24613529230411868,5.9242302039935746e-05,,0.22826480767207513,0,2,0,2,1,0
danby,napier,0.6,0.1,2,0.2462769885828342,2.7755575615628914e-17,,0.0001416962787155196,0,3,0,3,2,0
nwm9,simple,0.6,0.1,0,0.1,0.05990004998809689,,,0,1,0,1,0,0
nwm9,simple,0.6,0.1,1,0.24627698858435748,6.369071936518367e-13,,0.14627698858435748,0,4,0,4,1,0
nwm9,simple,0.6,0.1,2,0.24627698858283417,0.0,,1.5233092565125617e-12,0,5,0,7,2,0
nwm9,canonical,0.6,0.1,0,0.1599000499880969,0.03563166947583768,,,0,1,0,1,0,0
nwm9,canonical,0.6,0.1,1,0.24627698858282318,4.579669976578771e-15,,0.08637693859472628,0,4,0,4,1,0
nwm9,radvel,0.6,0.1,0,0.61,0.1662795239397112,,,0,1,0,1,0,0
nwm9,radvel,0.6,0.1,1,0.24627718971469076,8.409402155185042e-08,,0.36372281028530923,0,4,0,4,1,0
nwm9,radvel,0.6,0.1,2,0.2462769885828342,2.7755575615628914e-17,,2.0113185655867838e-07,0,7,0,7,2,3
nwm9,napier,0.6,0.1,0,0.4744000999761938,0.10031717306063678,,,0,1,0,1,0,0
nwm9,napier,0.6,0.1,1,0.24627699125711355,1.118126702337463e-09,,0.22812310871908026,0,4,0,4,1,0
nwm9,napier,0.6,0.1,2,0.24627698858283417,0.0,,2.674279381276179e-09,0,5,0,7,2,0
nwm11,simple,0.6,0.1,0,0.1,0.05990004998809689,,,0,1,0,1,0,0
nwm11,simple,0.6,0.1,1,0.24627698862079747,1.5872608782885322e-11,,0.14627698862079747,0,4,0,4,1,0
nwm11,simple,0.6,0.1,2,0.24627698858283417,0.0,,3.796329917093999e-11,0,5,0,6,2,1
nwm11,canonical,0.6,0.1,0,0.1599000499880969,0.03563166947583768,,,0,1,0,1,0,0
nwm11,canonical,0.6,0.1,1,0.2462769885836913,3.583522367733849e-13,,0.0863769385955944,0,4,0,4,1,0
nwm11,canonical,0.6,0.1,2,0.2462769885828342,2.7755575615628914e-17,,8.570921750106208e-13,0,6,0,7,2,3
nwm11,radvel,0.6,0.1,0,0.61,0.1662795239397112,,,0,1,0,1,0,0
nwm11,radvel,0.6,0.1,1,0.2462773378395265,1.4602560266530062e-07,,0.3637226621604735,0,4,0,4,1,0
nwm11,radvel,0.6,0.1,2,0.24627698858283423,2.7755575615628914e-17,,3.4925669226137934e-07,0,7,0,7,2,3
nwm11,napier,0.6,0.1,0,0.4744000999761938,0.10031717306063678,,,0,1,0,1,0,0
nwm11,napier,0.6,0.1,1,0.2462769951868583,2.7611684050299345e-09,,0.2281231047893355,0,4,0,4,1,0
nwm11,napier,0.6,0.1,2,0.24627698858283426,5.551115123125783e-17,,6.604024049838841e-09,0,7,0,7,2,3
newton,simple,0.6,1.0,0,1.0,0.5048825908847379,,,0,1,0,1,0,0
newton,simple,0.6,1.0,1,1.7470681904489078,0.1563656100363766,,0.7470681904489078,0,2,0,2,1,0
newton,simple,0.6,1.0,2,1.605588540165859,0.00595165296807032,,0.14147965028304887,0,3,0,3,2,0
newton,simple,0.6,1.0,3,1.5997585652838315,1.0191071702081445e-05,,0.005829974882027411,0,4,0,4,3,0
newton,simple,0.6,1.0,4,1.5997485482571054,3.008970850260084e-11,,1.0017026726094613e-05,0,5,0,5,4,0
newton,simple,0.6,1.0,5,1.5997485482275295,0.0,,2.957589728680432e-11,0,6,0,6,5,0
newton,canonical,0.6,1.0,0,1.5048825908847379,0.09381449476563719,,,0,1,0,1,0,0
newton,canonical,0.6,1.0,1,1.6025571460506056,0.0028597455040033637,,0.09767455516586776,0,2,0,2,1,0
newton,canonical,0.6,1.0,2,1.599750869344453,2.3614338011679337e-06,,0.0028062767061525218,0,3,0,3,2,0
newton,canonical,0.6,1.0,3,1.5997485482291174,1.6155965454345278e-12,,2.3211153357127756e-06,0,4,0,4,3,0
newton,canonical,0.6,1.0,4,1.5997485482275293,1.1102230246251565e-16,,1.588063014423824e-12,0,5,0,5,4,0
newton,radvel,0.6,1.0,0,1.51,0.08889148349852882,,,0,1,0,1,0,0
newton,radvel,0.6,1.0,1,1.602254657359597,0.0025515208449617965,,0.09225465735959704,0,2,0,2,1,0
newton,radvel,0.6,1.0,2,1.5997503966357591,1.880514083119067e-06,,0.0025042607238379144,0,3,0,3,2,0
newton,radvel,0.6,1.0,3,1.5997485482285365,1.0245138071240945e-12,,1.848407222615478e-06,0,4,0,4,3,0
newton,radvel,0.6,1.0,4,1.5997485482275295,0.0,,1.006972283335017e-12,0,5,0,5,4,0
newton,napier,0.6,1.0,0,1.5048825908847379,0.09381449476563719,,,0,1,0,1,0,0
newton,napier,0.6,1.0,1,1.6025571460506056,0.0028597455040033637,,0.09767455516586776,0,2,0,2,1,0
newton,napier,0.6,1.0,2,1.599750869344453,2.3614338011679337e-06,,0.0028062767061525218,0,3,0,3,2,0
newton,napier,0.6,1.0,3,1.5997485482291174,1.6155965454345278e-12,,2.3211153357127756e-06,0,4,0,4,3,0
newton,napier,0.6,1.0,4,1.5997485482275293,1.1102230246251565e-16,,1.588063014423824e-12,0,5,0,5,4,0
danby,simple,0.6,1.0,0,1.0,0.5048825908847379,,,0,1,0,1,0,0
danby,simple,0.6,1.0,1,1.599839390617088,9.242269715459273e-05,,0.599839390617088,0,2,0,2,1,0
danby,simple,0.6,1.0,2,1.5997485482275293,1.1102230246251565e-16,,9.08423895586985e-05,0,3,0,3,2,0
danby,canonical,0.6,1.0,0,1.5048825908847379,0.09381449476563719,,,0,1,0,1,0,0
danby,canonical,0.6,1.0,1,1.5997487221358657,1.7692894305199047e-07,,0.09486613125112786,0,2,0,2,1,0
danby,canonical,0.6,1.0,2,1.5997485482275293,1.1102230246251565e-16,,1.739083363982985e-07,0,3,0,3,2,0
danby,radvel,0.6,1.0,0,1.51,0.08889148349852882,,,0,1,0,1,0,0
danby,radvel,0.6,1.0,1,1.5997486866088864,1.4078489551927476e-07,,0.08974868660888635,0,2,0,2,1,0
danby,radvel,0.6,1.0,2,1.5997485482275293,1.1102230246251565e-16,,1.3838135703991838e-07,0,3,0,3,2,0
danby,napier,0.6,1.0,0,1.5048825908847379,0.09381449476563719,,,0,1,0,1,0,0
danby,napier,0.6,1.0,1,1.5997487221358657,1.7692894305199047e-07,,0.09486613125112786,0,2,0,2,1,0
danby,napier,0.6,1.0,2,1.5997485482275293,1.1102230246251565e-16,,1.739083363982985e-07,0,3,0,3,2,0
nwm9,simple,0.6,1.0,0,1.0,0.5048825908847379,,,0,1,0,1,0,0
nwm9,simple,0.6,1.0,1,1.61913296469023,0.01983375739707105,,0.6191329646902299,0,4,0,4,1,0
nwm9,simple,0.6,1.0,2,1.5997485482275295,0.0,,0.019384416462700393,0,7,0,7,2,3
nwm9,canonical,0.6,1.0,0,1.5048825908847379,0.09381449476563719,,,0,1,0,1,0,0
nwm9,canonical,0.6,1.0,1,1.5997485483683562,1.432729490602469e-10,,0.09486595748361837,0,4,0,4,1,0
nwm9,canonical,0.6,1.0,2,1.5997485482275293,1.1102230246251565e-16,,1.4082690569239276e-10,0,5,0,7,2,0
nwm9,radvel,0.6,1.0,0,1.51,0.08889148349852882,,,0,1,0,1,0,0
nwm9,radvel,0.6,1.0,1,1.5997485483152747,8.926925865182511e-11,,0.08974854831527468,0,4,0,4,1,0
nwm9,radvel,0.6,1.0,2,1.5997485482275295,0.0,,8.77451444836197e-11,0,5,0,7,2,0
nwm9,napier,0.6,1.0,0,1.5048825908847379,0.09381449476563719,,,0,1,0,1,0,0
nwm9,napier,0.6,1.0,1,1.5997485483683562,1.432729490602469e-10,,0.09486595748361837,0,4,0,4,1,0
nwm9,napier,0.6,1.0,2,1.5997485482275293,1.1102230246251565e-16,,1.4082690569239276e-10,0,5,0,7,2,0
nwm11,simple,0.6,1.0,0,1.0,0.5048825908847379,,,0,1,0,1,0,0
nwm11,simple,0.6,1.0,1,1.599750605583572,2.0930913358085945e-06,,0.599750605583572,0,4,0,4,1,0
nwm11,simple,0.6,1.0,2,1.5997485482275293,1.1102230246251565e-16,,2.0573560426395687e-06,0,5,0,6,2,1
nwm11,canonical,0.6,1.0,0,1.5048825908847379,0.09381449476563719,,,0,1,0,1,0,0
nwm11,canonical,0.6,1.0,1,1.5997485482275593,3.042011087472929e-14,,0.09486595734282144,0,4,0,4,1,0
nwm11,canonical,0.6,1.0,2,1.5997485482275293,1.1102230246251565e-16,,2.9976021664879227e-14,0,5,0,6,2,1
nwm11,radvel,0.6,1.0,0,1.51,0.08889148349852882,,,0,1,0,1,0,0
nwm11,radvel,0.6,1.0,1,1.5997485482275458,1.6431300764452317e-14,,0.08974854822754574,0,4,0,4,1,0
nwm11,radvel,0.6,1.0,2,1.5997485482275295,0.0,,1.6209256159527285e-14,0,5,0,6,2,1
nwm11,napier,0.6,1.0,0,1.5048825908847379,0.09381449476563719,,,0,1,0,1,0,0
nwm11,napier,0.6,1.0,1,1.5997485482275593,3.042011087472929e-14,,0.09486595734282144,0,4,0,4,1,0
nwm11,napier,0.6,1.0,2,1.5997485482275293,1.1102230246251565e-16,,2.9976021664879227e-14,0,5,0,6,2,1
newton,simple,0.6,3.0,0,3.0,0.08467200483592041,,,0,1,0,1,0,0
newton,simple,0.6,3.0,1,3.053119350051032,0.00010459353237379787,,0.053119350051031855,0,2,0,2,1,0
newton,simple,0.6,3.0,2,3.053053883072624,1.1363665564090297e-10,,6.546697840770221e-05,0,3,0,3,2,0
newton,simple,0.6,3.0,3,3.0530538830014966,4.440892098500626e-16,,7.112754829563528e-11,0,4,0,4,3,0
newton,canonical,0.6,3.0,0,3.0846720048359204,0.050538054660211884,,,0,1,0,1,0,0
newton,canonical,0.6,3.0,1,3.0530665257636858,2.019871074399049e-05,,0.031605479072234655,0,2,0,2,1,0
newton,canonical,0.6,3.0,2,3.0530538830041505,4.239719686438548e-12,,1.2642759535275161e-05,0,3,0,3,2,0
newton,canonical,0.6,3.0,3,3.0530538830014966,4.440892098500626e-16,,2.653877118063974e-12,0,4,0,4,3,0
newton,radvel,0.6,3.0,0,3.51,0.7260780596831808,,,0,1,0,1,0,0
newton,radvel,0.6,3.0,1,3.0444881354311013,0.013683055981536185,,0.4655118645688985,0,2,0,2,1,0
newton,radvel,0.6,3.0,2,3.0530551799826657,2.0721217519614754e-06,,0.008567044551564429,0,3,0,3,2,0
newton,radvel,0.6,3.0,3,3.0530538830015246,4.440892098500626e-14,,1.296981141152287e-06,0,4,0,4,3,0
newton,radvel,0.6,3.0,4,3.0530538830014966,4.440892098500626e-16,,2.7977620220553945e-14,0,5,0,5,4,0
newton,napier,0.6,3.0,0,3.0846720048359204,0.050538054660211884,,,0,1,0,1,0,0
newton,napier,0.6,3.0,1,3.0530665257636858,2.019871074399049e-05,,0.031605479072234655,0,2,0,2,1,0
newton,napier,0.6,3.0,2,3.0530538830041505,4.239719686438548e-12,,1.2642759535275161e-05,0,3,0,3,2,0
newton,napier,0.6,3.0,3,3.0530538830014966,4.440892098500626e-16,,2.653877118063974e-12,0,4,0,4,3,0
danby,simple,0.6,3.0,0,3.0,0.08467200483592041,,,0,1,0,1,0,0
danby,simple,0.6,3.0,1,3.053053876708251,1.0054402643788762e-08,,0.053053876708251124,0,2,0,2,1,0
danby,simple,0.6,3.0,2,3.0530538830014966,4.440892098500626e-16,,6.293245480293308e-09,0,3,0,3,2,0
danby,canonical,0.6,3.0,0,3.0846720048359204,0.050538054660211884,,,0,1,0,1,0,0
danby,canonical,0.6,3.0,1,3.0530538829281335,1.1720890924493688e-10,,0.0316181219077869,0,2,0,2,1,0
danby,canonical,0.6,3.0,2,3.053053883001497,4.440892098500626e-16,,7.336353746723034e-11,0,3,0,3,2,0
danby,radvel,0.6,3.0,0,3.51,0.7260780596831808,,,0,1,0,1,0,0
danby,radvel,0.6,3.0,1,3.053200849947542,0.00023480228485528443,,0.45679915005245775,0,2,0,2,1,0
danby,radvel,0.6,3.0,2,3.053053883001497,4.440892098500626e-16,,0.00014696694604499072,0,3,0,3,2,0
danby,napier,0.6,3.0,0,3.0846720048359204,0.050538054660211884,,,0,1,0,1,0,0
danby,napier,0.6,3.0,1,3.0530538829281335,1.1720890924493688e-10,,0.0316181219077869,0,2,0,2,1,0
danby,napier,0.6,3.0,2,3.053053883001497,4.440892098500626e-16,,7.336353746723034e-11,0,3,0,3,2,0
nwm9,simple,0.6,3.0,0,3.0,0.08467200483592041,,,0,1,0,1,0,0
nwm9,simple,0.6,3.0,1,3.0530538830014966,4.440892098500626e-16,,0.053053883001496605,0,4,0,4,1,0
nwm9,canonical,0.6,3.0,0,3.0846720048359204,0.050538054660211884,,,0,1,0,1,0,0
nwm9,canonical,0.6,3.0,1,3.053053883001497,4.440892098500626e-16,,0.03161812183442336,0,4,0,4,1,0
nwm9,radvel,0.6,3.0,0,3.51,0.7260780596831808,,,0,1,0,1,0,0
nwm9,radvel,0.6,3.0,1,3.053053883318356,5.06230168895172e-10,,0.45694611668164375,0,4,0,4,1,0
nwm9,radvel,0.6,3.0,2,3.0530538830014966,4.440892098500626e-16,,3.168594275848591e-10,0,6,0,7,2,3
nwm9,napier,0.6,3.0,0,3.0846720048359204,0.050538054660211884,,,0,1,0,1,0,0
nwm9,napier,0.6,3.0,1,3.053053883001497,4.440892098500626e-16,,0.03161812183442336,0,4,0,4,1,0
nwm11,simple,0.6,3.0,0,3.0,0.08467200483592041,,,0,1,0,1,0,0
nwm11,simple,0.6,3.0,1,3.053053883001497,4.440892098500626e-16,,0.05305388300149705,0,4,0,4,1,0
nwm11,canonical,0.6,3.0,0,3.0846720048359204,0.050538054660211884,,,0,1,0,1,0,0
nwm11,canonical,0.6,3.0,1,3.0530538830014966,4.440892098500626e-16,,0.03161812183442381,0,4,0,4,1,0
nwm11,radvel,0.6,3.0,0,3.51,0.7260780596831808,,,0,1,0,1,0,0
nwm11,radvel,0.6,3.0,1,3.0530538832675895,4.2512304787578614e-10,,0.45694611673241026,0,4,0,4,1,0
nwm11,radvel,0.6,3.0,2,3.0530538830014966,4.440892098500626e-16,,2.660929254716393e-10,0,6,0,7,2,3
nwm11,napier,0.6,3.0,0,3.0846720048359204,0.050538054660211884,,,0,1,0,1,0,0
nwm11,napier,0.6,3.0,1,3.0530538830014966,4.440892098500626e-16,,0.03161812183442381,0,4,0,4,1,0
newton,simple,0.9,0.001,0,0.001,0.0008999998500000075,,,0,1,0,1,0,0
newton,simple,0.9,0.001,1,0.00999995800019245,1.4579737927979813e-07,,0.008999958000192449,0,2,0,2,1,0
newton,simple,0.9,0.001,2,0.009998500682181784,9.555724267418242e-15,,1.4573180106662587e-06,0,3,0,3,2,0
newton,canonical,0.9,0.001,0,0.0018999998500000075,0.0008099989861504288,,,0,1,0,1,0,0
newton,canonical,0.9,0.001,1,0.00999985812936691,1.3580580265817183e-07,,0.008099858279366903,0,2,0,2,1,0
newton,canonical,0.9,0.001,2,0.009998500682169145,8.289376129955173e-15,,1.3574471977653713e-06,0,3,0,3,2,0
newton,radvel,0.9,0.001,0,0.766,0.14106776892107664,,,0,1,0,1,0,0
newton,radvel,0.9,0.001,1,0.3645315748588442,0.042671055409589764,,0.4014684251411558,0,2,0,2,1,0
newton,radvel,0.9,0.001,2,0.09639325804233373,0.0087736114120745,,0.26813831681651046,0,3,0,3,2,0
newton,radvel,0.9,0.001,3,0.012175759863752106,0.00021784674123610012,,0.08421749817858162,0,4,0,4,3,0
newton,radvel,0.9,0.001,4,0.009998744766105893,2.441938262622706e-08,,0.002177015097646213,0,5,0,5,4,0
newton,radvel,0.9,0.001,5,0.00999850068208895,2.680147770384167e-16,,2.4408401694264725e-07,0,6,0,6,5,0
newton,napier,0.9,0.001,0,0.5336999996999999,0.07484996619343093,,,0,1,0,1,0,0
newton,napier,0.9,0.001,1,0.20127338287017832,0.020347930429873207,,0.3324266168298216,0,2,0,2,1,0
newton,napier,0.9,0.001,2,0.02907915125066393,0.0019116033557474996,,0.1721942316195144,0,3,0,3,2,0
newton,napier,0.9,0.001,3,0.01003557694210993,3.7093001124420197e-06,,0.019043574308554002,0,4,0,4,3,0
newton,napier,0.9,0.001,4,0.00999850074405998,6.200159309577291e-12,,3.707619804994844e-05,0,5,0,5,4,0
newton,napier,0.9,0.001,5,0.009998500682086266,8.673617379884035e-19,,6.197371435479049e-11,0,6,0,6,5,0
danby,simple,0.9,0.001,0,0.001,0.0008999998500000075,,,0,1,0,1,0,0
danby,simple,0.9,0.001,1,0.00999850036551557,3.167131227416187e-11,,0.008998500365515569,0,2,0,2,1,0
danby,simple,0.9,0.001,2,0.00999850068208628,8.673617379884035e-19,,3.1657071061785835e-10,0,3,0,3,2,0
danby,canonical,0.9,0.001,0,0.0018999998500000075,0.0008099989861504288,,,0,1,0,1,0,0
danby,canonical,0.9,0.001,1,0.00999850046455973,2.176243994039817e-11,,0.008098500614559722,0,2,0,2,1,0
danby,canonical,0.9,0.001,2,0.009998500682086272,8.673617379884035e-19,,2.1752654191797838e-10,0,3,0,3,2,0
danby,radvel,0.9,0.001,0,0.766,0.14106776892107664,,,0,1,0,1,0,0
danby,radvel,0.9,0.001,1,0.056536221219198324,0.004680724174530916,,0.7094637787808017,0,2,0,2,1,0
danby,radvel,0.9,0.001,2,0.009997643596110911,8.574715121365678e-08,,0.04653857762308741,0,3,0,3,2,0
danby,radvel,0.9,0.001,3,0.009998500682086266,8.673617379884035e-19,,8.570859753552484e-07,0,4,0,4,3,0
danby,napier,0.9,0.001,0,0.5336999996999999,0.07484996619343093,,,0,1,0,1,0,0
danby,napier,0.9,0.001,1,0.009436684928910144,5.6205455704022404e-05,,0.5242633147710898,0,2,0,2,1,0
danby,napier,0.9,0.001,2,0.009998500682079333,6.947567521287112e-16,,0.0005618157531691887,0,3,0,3,2,0
nwm9,simple,0.9,0.001,0,0.001,0.0008999998500000075,,,0,1,0,1,0,0
nwm9,simple,0.9,0.001,1,0.009998500682086266,8.673617379884035e-19,,0.008998500682086265,0,4,0,4,1,0
nwm9,canonical,0.9,0.001,0,0.0018999998500000075,0.0008099989861504288,,,0,1,0,1,0,0
nwm9,canonical,0.9,0.001,1,0.009998500682086263,8.673617379884035e-19,,0.008098500832086256,0,4,0,4,1,0
nwm9,radvel,0.9,0.001,0,0.766,0.14106776892107664,,,0,1,0,1,0,0
nwm9,radvel,0.9,0.001,1,0.02282123629783428,0.0012839064085516218,,0.7431787637021657,0,4,0,4,1,0
nwm9,radvel,0.9,0.001,2,0.00999850068208627,8.673617379884035e-19,,0.01282273561574801,0,7,0,7,2,3
nwm9,napier,0.9,0.001,0,0.5336999996999999,0.07484996619343093,,,0,1,0,1,0,0
nwm9,napier,0.9,0.001,1,0.010580900939161336,5.826778137368958e-05,,0.5231190987608386,0,4,0,4,1,0
nwm9,napier,0.9,0.001,2,0.00999850068208627,8.673617379884035e-19,,0.0005824002570750664,0,7,0,7,2,3
nwm11,simple,0.9,0.001,0,0.001,0.0008999998500000075,,,0,1,0,1,0,0
nwm11,simple,0.9,0.001,1,0.009998500682086266,8.673617379884035e-19,,0.008998500682086265,0,4,0,4,1,0
nwm11,canonical,0.9,0.001,0,0.0018999998500000075,0.0008099989861504288,,,0,1,0,1,0,0
nwm11,canonical,0.9,0.001,1,0.009998500682086277,8.673617379884035e-19,,0.00809850083208627,0,4,0,4,1,0
nwm11,radvel,0.9,0.001,0,0.766,0.14106776892107664,,,0,1,0,1,0,0
nwm11,radvel,0.9,0.001,1,-0.5158422058589899,0.07290132994979709,,1.28184220585899,0,4,0,4,1,0
nwm11,radvel,0.9,0.001,2,0.010105433944306035,1.0698188366947865e-05,,0.525947639803296,0,7,0,7,2,3
nwm11,radvel,0.9,0.001,3,0.009998500682086273,8.673617379884035e-19,,0.00010693326221976156,0,10,0,10,3,6
nwm11,napier,0.9,0.001,0,0.5336999996999999,0.07484996619343093,,,0,1,0,1,0,0
nwm11,napier,0.9,0.001,1,-0.0015167067751087615,0.0011516712008655288,,0.5352167064751087,0,4,0,4,1,0
nwm11,napier,0.9,0.001,2,0.009998500682086277,8.673617379884035e-19,,0.011515207457195038,0,7,0,7,2,3
newton,simple,0.9,0.1,0,0.1,0.08985007498214534,0.5308435275631536,,0,1,0,1,0,0
newton,simple,0.9,0.1,1,0.959840175198029,0.12265026958959088,0.32899664763487546,0.859840175198029,0,2,0,2,1,0
newton,simple,0.9,0.1,2,0.7062807935086819,0.022172905123074876,0.07543726594552835,0.2535593816893471,0,3,0,3,2,0
newton,simple,0.9,0.1,3,0.6359569602771022,0.0014040624394825174,0.005113432713948707,0.07032383323157965,0,4,0,4,3,0
newton,simple,0.9,0.1,4,0.6308687946881146,6.9037232011959215e-06,2.5267124961092513e-05,0.005088165588987614,0,5,0,5,4,0
newton,simple,0.9,0.1,5,0.6308435281833369,1.6944820546704875e-10,6.201833491203956e-10,2.5266504777743393e-05,0,6,0,6,5,0
newton,simple,0.9,0.1,6,0.6308435275631535,2.7755575615628914e-17,0.0,6.201833491203956e-10,0,7,0,7,6,0
newton,canonical,0.9,0.1,0,0.18985007498214534,0.07999042428468156,0.4409934525810082,,0,1,0,1,0,0
newton,canonical,0.9,0.1,1,0.8784093577670002,0.0856573754757067,0.2475658302038467,0.6885592827848549,0,2,0,2,1,0
newton,canonical,0.9,0.1,2,0.6770811270065591,0.013212485637367294,0.04623759944340555,0.20132823076044115,0,3,0,3,2,0
newton,canonical,0.9,0.1,3,0.6328234876127081,0.000542011616774446,0.0019799600495545855,0.04425763939385097,0,4,0,4,3,0
newton,canonical,0.9,0.1,4,0.6308473281135641,1.0384007257113748e-06,3.800550410604231e-06,0.0019761594991439813,0,5,0,5,4,0
newton,canonical,0.9,0.1,5,0.6308435275771852,3.8336833707575124e-12,1.4031664719027503e-11,3.800536378939512e-06,0,6,0,6,5,0
newton,canonical,0.9,0.1,6,0.6308435275631539,1.942890293094024e-16,3.3306690738754696e-16,1.4031331652120116e-11,0,7,0,7,6,0
newton,radvel,0.9,0.1,0,0.865,0.08001426273177034,0.23415647243684645,,0,1,0,1,0,0
newton,radvel,0.9,0.1,1,0.6727614872106246,0.011928170182093772,0.041917959647471026,0.19223851278937543,0,2,0,2,1,0
newton,radvel,0.9,0.1,2,0.6324781154761195,0.0004473163326374763,0.0016345879129660013,0.040283371734505025,0,3,0,3,2,0
newton,radvel,0.9,0.1,3,0.6308461187861211,7.07982886288816e-07,2.5912229675295606e-06,0.0016319966899984717,0,4,0,4,3,0
newton,radvel,0.9,0.1,4,0.630843527569676,1.7821022435526856e-12,6.522449247370332e-12,2.5912164450803132e-06,0,5,0,5,4,0
newton,radvel,0.9,0.1,5,0.6308435275631534,2.7755575615628914e-17,1.1102230246251565e-16,6.522560269672795e-12,0,6,0,6,5,0
newton,napier,0.9,0.1,0,0.7116001499642908,0.02385836410818229,0.08075662240113723,,0,1,0,1,0,0
newton,napier,0.9,0.1,1,0.6366713761629439,0.0016013395958812404,0.005827848599790353,0.07492877380134688,0,2,0,2,1,0
newton,napier,0.9,0.1,2,0.630876324047083,8.961031517568108e-06,3.279648392950918e-05,0.005795052115860844,0,3,0,3,2,0
newton,napier,0.9,0.1,3,0.6308435286080167,2.854805003504879e-10,1.0448631959647514e-09,3.2795439066313214e-05,0,4,0,4,3,0
newton,napier,0.9,0.1,4,0.6308435275631532,1.3877787807814457e-16,3.3306690738754696e-16,1.0448635290316588e-09,0,5,0,5,4,0
danby,simple,0.9,0.1,0,0.1,0.08985007498214534,0.5308435275631536,,0,1,0,1,0,0
danby,simple,0.9,0.1,1,0.5691444490202975,0.015875956888769,0.061699078542856056,0.4691444490202975,0,2,0,2,1,0
danby,simple,0.9,0.1,2,0.6308494613506221,1.6212551648686624e-06,5.933787468603846e-06,0.06170501233032466,0,3,0,3,2,0
danby,simple,0.9,0.1,3,0.6308435275631535,2.7755575615628914e-17,0.0,5.933787468603846e-06,0,4,0,4,3,0
danby,canonical,0.9,0.1,0,0.18985007498214534,0.07999042428468156,0.4409934525810082,,0,1,0,1,0,0
danby,canonical,0.9,0.1,1,0.6199796544795861,0.002937086993079291,0.010863873083567399,0.4301295794974408,0,2,0,2,1,0
danby,canonical,0.9,0.1,2,0.6308435332319219,1.5488365867621923e-09,5.6687683436251746e-09,0.010863878752335743,0,3,0,3,2,0
danby,canonical,0.9,0.1,3,0.6308435275631534,2.7755575615628914e-17,1.1102230246251565e-16,5.668768454647477e-09,0,4,0,4,3,0
danby,radvel,0.9,0.1,0,0.865,0.08001426273177034,0.23415647243684645,,0,1,0,1,0,0
danby,radvel,0.9,0.1,1,0.6317803846658552,0.00025620374864929185,0.0009368571027016381,0.23321961533414481,0,2,0,2,1,0
danby,radvel,0.9,0.1,2,0.6308435275634656,8.523737271559639e-14,3.120836922221315e-13,0.0009368571023895544,0,3,0,3,2,0
danby,radvel,0.9,0.1,3,0.6308435275631536,2.7755575615628914e-17,1.1102230246251565e-16,3.11972669919669e-13,0,4,0,4,3,0
danby,napier,0.9,0.1,0,0.7116001499642908,0.02385836410818229,0.08075662240113723,,0,1,0,1,0,0
danby,napier,0.9,0.1,1,0.6308597494310404,4.432253444236478e-06,1.6221867886856423e-05,0.08074040053325038,0,2,0,2,1,0
danby,napier,0.9,0.1,2,0.6308435275631536,2.7755575615628914e-17,1.1102230246251565e-16,1.62218678867454e-05,0,3,0,3,2,0
nwm9,simple,0.9,0.1,0,0.1,0.08985007498214534,0.5308435275631536,,0,1,0,1,0,0
nwm9,simple,0.9,0.1,1,-5.419557792532261,6.2037416607406835,6.050401320095415,5.519557792532261,0,4,0,4,1,0
nwm9,simple,0.9,0.1,2,19.53435692456914,18.865089921816878,18.903513397005984,24.953914717101398,0,7,0,7,2,3
nwm9,simple,0.9,0.1,3,-235.82925724607995,236.11670234842614,236.4601007736431,255.3636141706491,0,10,0,10,3,6
nwm9,simple,0.9,0.1,4,-19.616117603454793,19.091821152403135,20.246961131017947,216.21313964262515,0,13,0,13,4,9
nwm9,simple,0.9,0.1,5,110.16602712727556,110.25389123575016,109.5351835997124,129.78214473073035,0,16,0,16,5,12
nwm9,simple,0.9,0.1,6,8.243999332618735,7.311587234815084,7.613155805055581,101.92202779465683,0,19,0,19,6,15
nwm9,simple,0.9,0.1,7,0.38941302811011924,0.052267880526967764,0.2414304994530343,7.854586304508616,0,22,0,22,7,18
nwm9,simple,0.9,0.1,8,0.6306671623224487,4.817874352439078e-05,0.0001763652407048566,0.24125413421232944,0,25,0,25,8,21
nwm9,simple,0.9,0.1,9,0.6308435275631533,2.7755575615628914e-17,2.220446049250313e-16,0.00017636524070463455,0,28,0,28,9,24
nwm9,canonical,0.9,0.1,0,0.18985007498214534,0.07999042428468156,0.4409934525810082,,0,1,0,1,0,0
nwm9,canonical,0.9,0.1,1,2.1353411630099406,1.274992169675674,1.504497635446787,1.9454910880277954,0,4,0,4,1,0
nwm9,canonical,0.9,0.1,2,0.6893128449738639,0.016906485207223237,0.058469317410710375,1.4460283180360767,0,7,0,7,2,3
nwm9,canonical,0.9,0.1,3,0.6308435276256145,1.7065765467449978e-11,6.246092532080638e-11,0.05846931734824945,0,10,0,10,3,6
nwm9,canonical,0.9,0.1,4,0.6308435275631534,2.7755575615628914e-17,1.1102230246251565e-16,6.246103634310884e-11,0,12,0,13,4,9
nwm9,radvel,0.9,0.1,0,0.865,0.08001426273177034,0.23415647243684645,,0,1,0,1,0,0
nwm9,radvel,0.9,0.1,1,0.6308710970044707,7.532800730264411e-06,2.7569441317210064e-05,0.23412890299552924,0,4,0,4,1,0
nwm9,radvel,0.9,0.1,2,0.6308435275631536,2.7755575615628914e-17,1.1102230246251565e-16,2.756944131709904e-05,0,7,0,7,2,3
nwm9,napier,0.9,0.1,0,0.7116001499642908,0.02385836410818229,0.08075662240113723,,0,1,0,1,0,0
nwm9,napier,0.9,0.1,1,0.6308435483577978,5.681570297566552e-09,2.0794644228772086e-08,0.080756601606493,0,4,0,4,1,0
nwm9,napier,0.9,0.1,2,0.6308435275631534,2.7755575615628914e-17,1.1102230246251565e-16,2.0794644339794388e-08,0,7,0,7,2,3
nwm11,simple,0.9,0.1,0,0.1,0.08985007498214534,0.5308435275631536,,0,1,0,1,0,0
nwm11,simple,0.9,0.1,1,0.632937736775113,0.0005733508070552007,0.0020942092119594635,0.532937736775113,0,4,0,4,1,0
nwm11,simple,0.9,0.1,2,0.6308435275631534,2.7755575615628914e-17,1.1102230246251565e-16,0.0020942092119595745,0,7,0,7,2,3
nwm11,canonical,0.9,0.1,0,0.18985007498214534,0.07999042428468156,0.4409934525810082,,0,1,0,1,0,0
nwm11,canonical,0.9,0.1,1,0.6314140505846282,0.0001559662938026285,0.0005705230214746448,0.44156397560248284,0,4,0,4,1,0
nwm11,canonical,0.9,0.1,2,0.6308435275631538,8.326672684688674e-17,2.220446049250313e-16,0.0005705230214744228,0,7,0,7,2,3
nwm11,radvel,0.9,0.1,0,0.865,0.08001426273177034,0.23415647243684645,,0,1,0,1,0,0
nwm11,radvel,0.9,0.1,1,0.6308445987009457,2.9265953391255373e-07,1.0711377921301946e-06,0.23415540129905432,0,4,0,4,1,0
nwm11,radvel,0.9,0.1,2,0.6308435275631538,8.326672684688674e-17,2.220446049250313e-16,1.07113779190815e-06,0,7,0,7,2,3
nwm11,napier,0.9,0.1,0,0.7116001499642908,0.02385836410818229,0.08075662240113723,,0,1,0,1,0,0
nwm11,napier,0.9,0.1,1,0.6308435278822844,8.719377997401523e-11,3.191308328709397e-10,0.0807566220820064,0,4,0,4,1,0
nwm11,napier,0.9,0.1,2,0.6308435275631539,1.942890293094024e-16,3.3306690738754696e-16,3.191304998040323e-10,0,7,0,7,2,3
newton,simple,0.9,1.0,0,1.0,0.7573238863271069,,,0,1,0,1,0,0
newton,simple,0.9,1.0,1,2.4741730980301098,0.9171079158398272,,1.4741730980301098,0,2,0,2,1,0
newton,simple,0.9,1.0,2,1.9368721293036146,0.09650683693962936,,0.5373009687264951,0,3,0,3,2,0
newton,simple,0.9,1.0,3,1.8638802540484245,0.0022585361664275716,,0.07299187525519013,0,4,0,4,3,0
newton,simple,0.9,1.0,4,1.8620877869546315,1.3844179058697392e-06,,0.0017924670937929932,0,5,0,5,4,0
newton,simple,0.9,1.0,5,1.8620866868749466,5.213607323639735e-13,,1.100079684901445e-06,0,6,0,6,5,0
newton,simple,0.9,1.0,6,1.8620866868745323,0.0,,4.143352327901084e-13,0,7,0,7,6,0
newton,canonical,0.9,1.0,0,1.7573238863271068,0.12706481685660143,,,0,1,0,1,0,0
newton,canonical,0.9,1.0,1,1.8662145254854314,0.005202101016344773,,0.10889063915832464,0,2,0,2,1,0
newton,canonical,0.9,1.0,2,1.862092501714274,7.317813733198619e-06,,0.004122023771157446,0,3,0,3,2,0
newton,canonical,0.9,1.0,3,1.8620866868861132,1.4574119688859355e-11,,5.81482816075507e-06,0,4,0,4,3,0
newton,canonical,0.9,1.0,4,1.8620866868745325,4.440892098500626e-16,,1.1580736369865008e-11,0,5,0,5,4,0
newton,radvel,0.9,1.0,0,1.7650000000000001,0.11808149396222634,,,0,1,0,1,0,0
newton,radvel,0.9,1.0,1,1.8656073362145886,0.004435971120811288,,0.1006073362145885,0,2,0,2,1,0
newton,radvel,0.9,1.0,2,1.8620909191223372,5.326163006413864e-06,,0.003516417092251478,0,3,0,3,2,0
newton,radvel,0.9,1.0,3,1.8620866868806674,7.720935002453189e-12,,4.232241669788195e-06,0,4,0,4,3,0
newton,radvel,0.9,1.0,4,1.8620866868745323,0.0,,6.135092434078615e-12,0,5,0,5,4,0
newton,napier,0.9,1.0,0,2.046547772654214,0.24649384770940497,,,0,1,0,1,0,0
newton,napier,0.9,1.0,1,1.8720025134128115,0.012521105846264202,,0.1745452592414023,0,2,0,2,1,0
newton,napier,0.9,1.0,2,1.8621200700873273,4.20122394806377e-05,,0.00988244332548427,0,3,0,3,2,0
newton,napier,0.9,1.0,3,1.8620866872562318,4.803573094847025e-10,,3.3382831095440935e-05,0,4,0,4,3,0
newton,napier,0.9,1.0,4,1.8620866868745323,0.0,,3.8169956084743717e-10,0,5,0,5,4,0
danby,simple,0.9,1.0,0,1.0,0.7573238863271069,,,0,1,0,1,0,0
danby,simple,0.9,1.0,1,1.9216498421246715,0.07647811015668315,,0.9216498421246715,0,2,0,2,1,0
danby,simple,0.9,1.0,2,1.8620869512774405,3.3274305755170985e-07,,0.05956289084723099,0,3,0,3,2,0
danby,simple,0.9,1.0,3,1.8620866868745323,0.0,,2.644029082343735e-07,0,4,0,4,3,0
danby,canonical,0.9,1.0,0,1.7573238863271068,0.12706481685660143,,,0,1,0,1,0,0
danby,canonical,0.9,1.0,1,1.862090104262705,4.300684228075724e-06,,0.10476621793559815,0,2,0,2,1,0
danby,canonical,0.9,1.0,2,1.8620866868745323,0.0,,3.417388172666236e-06,0,3,0,3,2,0
danby,radvel,0.9,1.0,0,1.7650000000000001,0.11808149396222634,,,0,1,0,1,0,0
danby,radvel,0.9,1.0,1,1.8620891713206076,3.12660256818198e-06,,0.09708917132060746,0,2,0,2,1,0
danby,radvel,0.9,1.0,2,1.8620866868745323,0.0,,2.4844460753126185e-06,0,3,0,3,2,0
danby,napier,0.9,1.0,0,2.046547772654214,0.24649384770940497,,,0,1,0,1,0,0
danby,napier,0.9,1.0,1,1.8621064285458475,2.484446158423914e-05,,0.18444134410836632,0,2,0,2,1,0
danby,napier,0.9,1.0,2,1.8620866868745323,0.0,,1.974167131524318e-05,0,3,0,3,2,0
nwm9,simple,0.9,1.0,0,1.0,0.7573238863271069,,,0,1,0,1,0,0
nwm9,simple,0.9,1.0,1,0.2852992204035587,0.9680009097428662,,0.7147007795964413,0,4,0,4,1,0
nwm9,simple,0.9,1.0,2,163.71256204173127,162.40417041004878,,163.4272628213277,0,7,0,7,2,3
nwm9,simple,0.9,1.0,3,-26575.079631202705,26576.386018466255,,26738.792193244437,0,10,0,10,3,6
nwm9,simple,0.9,1.0,4,-2551.912761780499,2552.186210609354,,24023.166869422206,0,13,0,13,4,9
nwm9,simple,0.9,1.0,5,3699.9532076130004,3699.625148620271,,6251.865969393499,0,16,0,16,5,12
nwm9,simple,0.9,1.0,6,-12295.358835435632,12297.025887944645,,15995.312043048632,0,19,0,19,6,15
nwm9,simple,0.9,1.0,7,43738.821481849955,43736.921484103346,,56034.18031728559,0,22,0,22,7,18
nwm9,simple,0.9,1.0,8,1.8518132943760515,0.01288321260980374,,43736.969668555575,0,25,0,25,8,21
nwm9,simple,0.9,1.0,9,1.8620866868745323,0.0,,0.010273392498480804,0,28,0,28,9,24
nwm9,canonical,0.9,1.0,0,1.7573238863271068,0.12706481685660143,,,0,1,0,1,0,0
nwm9,canonical,0.9,1.0,1,1.862086687951269,1.355040524231299e-09,,0.10476280162416218,0,4,0,4,1,0
nwm9,canonical,0.9,1.0,2,1.8620866868745323,0.0,,1.0767366998010175e-09,0,5,0,7,2,0
nwm9,radvel,0.9,1.0,0,1.7650000000000001,0.11808149396222634,,,0,1,0,1,0,0
nwm9,radvel,0.9,1.0,1,1.8620866874278146,6.962890264361477e-10,,0.09708668742781446,0,4,0,4,1,0
nwm9,radvel,0.9,1.0,2,1.8620866868745323,0.0,,5.532823088572059e-10,0,5,0,7,2,0
nwm9,napier,0.9,1.0,0,2.046547772654214,0.24649384770940497,,,0,1,0,1,0,0
nwm9,napier,0.9,1.0,1,1.8620867012912656,1.81430208634481e-08,,0.1844610713629482,0,4,0,4,1,0
nwm9,napier,0.9,1.0,2,1.8620866868745323,0.0,,1.4416733362665468e-08,0,7,0,7,2,3
nwm11,simple,0.9,1.0,0,1.0,0.7573238863271069,,,0,1,0,1,0,0
nwm11,simple,0.9,1.0,1,1.8620177627481307,8.673687144089559e-05,,0.8620177627481307,0,4,0,4,1,0
nwm11,simple,0.9,1.0,2,1.8620866868745323,0.0,,6.892412640158163e-05,0,6,0,7,2,3
nwm11,canonical,0.9,1.0,0,1.7573238863271068,0.12706481685660143,,,0,1,0,1,0,0
nwm11,canonical,0.9,1.0,1,1.862086686873354,1.482591827084434e-12,,0.10476280054624731,0,4,0,4,1,0
nwm11,canonical,0.9,1.0,2,1.8620866868745323,0.0,,1.1781686737322161e-12,0,5,0,6,2,1
nwm11,radvel,0.9,1.0,0,1.7650000000000001,0.11808149396222634,,,0,1,0,1,0,0
nwm11,radvel,0.9,1.0,1,1.8620866868738961,8.005818230572004e-13,,0.09708668687389599,0,4,0,4,1,0
nwm11,radvel,0.9,1.0,2,1.8620866868745323,0.0,,6.361577931102147e-13,0,5,0,6,2,1
nwm11,napier,0.9,1.0,0,2.046547772654214,0.24649384770940497,,,0,1,0,1,0,0
nwm11,napier,0.9,1.0,1,1.8620866868073347,8.456613187490802e-11,,0.18446108584687915,0,4,0,4,1,0
nwm11,napier,0.9,1.0,2,1.8620866868745323,0.0,,6.719758083306715e-11,0,5,0,6,2,1
newton,simple,0.9,3.0,0,3.0,0.12700800725388062,,,0,1,0,1,0,0
newton,simple,0.9,3.0,1,3.067164706938736,0.0002413820820712509,,0.067164706938736,0,2,0,2,1,0
newton,simple,0.9,3.0,2,3.067037496916221,5.417977178012734e-10,,0.00012721002251492308,0,3,0,3,2,0
newton,simple,0.9,3.0,3,3.0670374966306886,0.0,,2.8553248654361596e-10,0,4,0,4,3,0
newton,canonical,0.9,3.0,0,3.1270080072538806,0.11388229089580415,,,0,1,0,1,0,0
newton,canonical,0.9,3.0,1,3.0670669396883,5.5868226344735206e-05,,0.059941067565580486,0,2,0,2,1,0
newton,canonical,0.9,3.0,2,3.067037496645998,2.9050095662341846e-11,,2.944304230201311e-05,0,3,0,3,2,0
newton,canonical,0.9,3.0,3,3.0670374966306886,0.0,,1.530953142037106e-11,0,4,0,4,3,0
newton,radvel,0.9,3.0,0,3.765,1.2904244532902354,,,0,1,0,1,0,0
newton,radvel,0.9,3.0,1,3.0193935641716356,0.09031210775618037,,0.7456064358283645,0,2,0,2,1,0
newton,radvel,0.9,3.0,2,3.0670947460977698,0.00010863096481505963,,0.04770118192613415,0,3,0,3,2,0
newton,radvel,0.9,3.0,3,3.0670374966885547,1.0980105713542798e-10,,5.724940921503219e-05,0,4,0,4,3,0
newton,radvel,0.9,3.0,4,3.0670374966306886,0.0,,5.786615631109271e-11,0,5,0,5,4,0
newton,napier,0.9,3.0,0,3.1270080072538806,0.11388229089580415,,,0,1,0,1,0,0
newton,napier,0.9,3.0,1,3.0670669396883,5.5868226344735206e-05,,0.059941067565580486,0,2,0,2,1,0
newton,napier,0.9,3.0,2,3.067037496645998,2.9050095662341846e-11,,2.944304230201311e-05,0,3,0,3,2,0
newton,napier,0.9,3.0,3,3.0670374966306886,0.0,,1.530953142037106e-11,0,4,0,4,3,0
danby,simple,0.9,3.0,0,3.0,0.12700800725388062,,,0,1,0,1,0,0
danby,simple,0.9,3.0,1,3.067037482465928,2.6877630787680573e-08,,0.06703748246592811,0,2,0,2,1,0
danby,simple,0.9,3.0,2,3.0670374966306886,0.0,,1.4164760475665616e-08,0,3,0,3,2,0
danby,canonical,0.9,3.0,0,3.1270080072538806,0.11388229089580415,,,0,1,0,1,0,0
danby,canonical,0.9,3.0,1,3.0670375030456416,1.2172372443330914e-08,,0.05997050420823902,0,2,0,2,1,0
danby,canonical,0.9,3.0,2,3.0670374966306886,0.0,,6.414953013234026e-09,0,3,0,3,2,0
danby,radvel,0.9,3.0,0,3.765,1.2904244532902354,,,0,1,0,1,0,0
danby,radvel,0.9,3.0,1,3.0682389005147455,0.002279711805905027,,0.6967610994852547,0,2,0,2,1,0
danby,radvel,0.9,3.0,2,3.0670374966306886,0.0,,0.001201403884056873,0,3,0,3,2,0
danby,napier,0.9,3.0,0,3.1270080072538806,0.11388229089580415,,,0,1,0,1,0,0
danby,napier,0.9,3.0,1,3.0670375030456416,1.2172372443330914e-08,,0.05997050420823902,0,2,0,2,1,0
danby,napier,0.9,3.0,2,3.0670374966306886,0.0,,6.414953013234026e-09,0,3,0,3,2,0
nwm9,simple,0.9,3.0,0,3.0,0.12700800725388062,,,0,1,0,1,0,0
nwm9,simple,0.9,3.0,1,3.0670374966306886,0.0,,0.06703749663068859,0,4,0,4,1,0
nwm9,canonical,0.9,3.0,0,3.1270080072538806,0.11388229089580415,,,0,1,0,1,0,0
nwm9,canonical,0.9,3.0,1,3.0670374966306886,0.0,,0.05997051062319203,0,4,0,4,1,0
nwm9,radvel,0.9,3.0,0,3.765,1.2904244532902354,,,0,1,0,1,0,0
nwm9,radvel,0.9,3.0,1,3.0670376406339956,2.732462536236824e-07,,0.6979623593660045,0,4,0,4,1,0
nwm9,radvel,0.9,3.0,2,3.0670374966306886,0.0,,1.440033070565505e-07,0,6,0,7,2,3
nwm9,napier,0.9,3.0,0,3.1270080072538806,0.11388229089580415,,,0,1,0,1,0,0
nwm9,napier,0.9,3.0,1,3.0670374966306886,0.0,,0.05997051062319203,0,4,0,4,1,0
nwm11,simple,0.9,3.0,0,3.0,0.12700800725388062,,,0,1,0,1,0,0
nwm11,simple,0.9,3.0,1,3.0670374966306886,0.0,,0.06703749663068859,0,4,0,4,1,0
nwm11,canonical,0.9,3.0,0,3.1270080072538806,0.11388229089580415,,,0,1,0,1,0,0
nwm11,canonical,0.9,3.0,1,3.0670374966306886,0.0,,0.05997051062319203,0,4,0,4,1,0
nwm11,radvel,0.9,3.0,0,3.765,1.2904244532902354,,,0,1,0,1,0,0
nwm11,radvel,0.9,3.0,1,3.0670376499154877,2.9085788355587283e-07,,0.6979623500845125,0,4,0,4,1,0
nwm11,radvel,0.9,3.0,2,3.0670374966306886,0.0,,1.5328479907594783e-07,0,5,0,6,2,1
nwm11,napier,0.9,3.0,0,3.1270080072538806,0.11388229089580415,,,0,1,0,1,0,0
nwm11,napier,0.9,3.0,1,3.0670374966306886,0.0,,0.05997051062319203,0,4,0,4,1,0
newton,simple,0.99,0.001,0,0.001,0.0009899998350000082,,,0,1,0,1,0,0
newton,simple,0.99,0.001,1,0.09999508324378913,0.00016484403560426773,,0.09899508324378913,0,2,0,2,1,0
newton,simple,0.99,0.001,2,0.08896532552144096,5.7912680310615375e-06,,0.011029757722348169,0,3,0,3,2,0
newton,simple,0.99,0.001,3,0.088549144345492,7.605746283646797e-09,,0.00041618117594895143,0,4,0,4,3,0
newton,simple,0.99,0.001,4,0.08854859633112983,1.3157010203546093e-14,,5.48014362181104e-07,0,5,0,5,4,0
newton,simple,0.99,0.001,5,0.08854859633018182,8.673617379884035e-19,,9.480055629396134e-13,0,6,0,6,5,0
newton,canonical,0.99,0.001,0,0.0019899998350000085,0.0009800987013517462,,,0,1,0,1,0,0
newton,canonical,0.99,0.001,1,0.09998066136517178,0.0001646285052748506,,0.09799066153017177,0,2,0,2,1,0
newton,canonical,0.99,0.001,2,0.08896427429427206,5.776639983413358e-06,,0.01101638707089972,0,3,0,3,2,0
newton,canonical,0.99,0.001,3,0.08854914158350184,7.567413363475384e-09,,0.00041513271077021907,0,4,0,4,3,0
newton,canonical,0.99,0.001,4,0.08854859633111958,1.3004354537660134e-14,,5.452523822585542e-07,0,5,0,5,4,0
newton,canonical,0.99,0.001,5,0.08854859633018258,1.474514954580286e-17,,9.370004772080165e-13,0,6,0,6,5,0
newton,radvel,0.99,0.001,0,0.8425,0.10265364619414663,,,0,1,0,1,0,0
newton,radvel,0.99,0.001,1,0.5415130999196419,0.030234230390047134,,0.3009869000803581,0,2,0,2,1,0
newton,radvel,0.99,0.001,2,0.3421308609371636,0.008990600462671472,,0.1993822389824783,0,3,0,3,2,0
newton,radvel,0.99,0.001,3,0.2086966141453792,0.0025834923801302265,,0.1334342467917844,0,4,0,4,3,0
newton,radvel,0.99,0.001,4,0.12663208374757823,0.0006011066050876377,,0.08206453039780098,0,5,0,5,4,0
newton,radvel,0.99,0.001,5,0.09310140306610036,6.410984560917352e-05,,0.03353068068147787,0,6,0,6,5,0
newton,radvel,0.99,0.001,6,0.08861427412720907,9.117104803621837e-07,,0.004487128938891291,0,7,0,7,6,0
newton,radvel,0.99,0.001,7,0.08854860993654778,1.888385012596694e-10,,6.566419066128537e-05,0,8,0,8,7,0
newton,radvel,0.99,0.001,8,0.08854859633018283,1.474514954580286e-17,,1.3606364951401773e-08,0,9,0,9,8,0
newton,napier,0.99,0.001,0,0.58706999967,0.0376852577061626,,,0,1,0,1,0,0
newton,napier,0.99,0.001,1,0.37265491366101133,0.01120640446425053,,0.21441508600898862,0,2,0,2,1,0
newton,napier,0.99,0.001,2,0.22889023534222466,0.003262360953046107,,0.14376467831878667,0,3,0,3,2,0
newton,napier,0.99,0.001,3,0.1378147097887805,0.0008096246777395963,,0.09107552555344417,0,4,0,4,3,0
newton,napier,0.99,0.001,4,0.09605265874810281,0.00010668094614413402,,0.04176205104067768,0,5,0,5,4,0
newton,napier,0.99,0.001,5,0.08872738925513589,2.482811372593076e-06,,0.0073252694929669265,0,6,0,6,5,0
newton,napier,0.99,0.001,6,0.08854869717744204,1.399628025457178e-09,,0.00017869207769384554,0,7,0,7,6,0
newton,napier,0.99,0.001,7,0.08854859633021488,4.588343593958655e-16,,1.0084722716630079e-07,0,8,0,8,7,0
danby,simple,0.99,0.001,0,0.001,0.0009899998350000082,,,0,1,0,1,0,0
danby,simple,0.99,0.001,1,0.0859746519114446,3.5435759642598284e-05,,0.0849746519114446,0,2,0,2,1,0
danby,simple,0.99,0.001,2,0.08854859600988922,4.445248856510542e-12,,0.002573944098444622,0,3,0,3,2,0
danby,simple,0.99,0.001,3,0.0885485963301824,1.474514954580286e-17,,3.20293180866571e-10,0,4,0,4,3,0
danby,canonical,0.99,0.001,0,0.0019899998350000085,0.0009800987013517462,,,0,1,0,1,0,0
danby,canonical,0.99,0.001,1,0.0861058278630744,3.3643609201743606e-05,,0.0841158280280744,0,2,0,2,1,0
danby,canonical,0.99,0.001,2,0.08854859607230174,3.579038974910187e-12,,0.0024427682092273417,0,3,0,3,2,0
danby,canonical,0.99,0.001,3,0.08854859633018196,8.673617379884035e-19,,2.578802171804284e-10,0,4,0,4,3,0
danby,radvel,0.99,0.001,0,0.8425,0.10265364619414663,,,0,1,0,1,0,0
danby,radvel,0.99,0.001,1,0.32400002802558936,0.007822635846051085,,0.5184999719744107,0,2,0,2,1,0
danby,radvel,0.99,0.001,2,0.11455102688889679,0.0003933642852205774,,0.20944900113669257,0,3,0,3,2,0
danby,radvel,0.99,0.001,3,0.0885499448406715,1.8715635070366832e-08,,0.026001082048225294,0,4,0,4,3,0
danby,radvel,0.99,0.001,4,0.08854859633018144,1.3010426069826053e-17,,1.3485104900512468e-06,0,5,0,5,4,0
danby,napier,0.99,0.001,0,0.58706999967,0.0376852577061626,,,0,1,0,1,0,0
danby,napier,0.99,0.001,1,0.21643449618271288,0.0028333057375884716,,0.3706355034872871,0,2,0,2,1,0
danby,napier,0.99,0.001,2,0.09212948611943703,5.026690362432227e-05,,0.12430501006327585,0,3,0,3,2,0
danby,napier,0.99,0.001,3,0.08854859554056106,1.095889958641072e-11,,0.0035808905788759643,0,4,0,4,3,0
danby,napier,0.99,0.001,4,0.08854859633018182,8.673617379884035e-19,,7.896207576685299e-10,0,5,0,5,4,0
nwm9,simple,0.99,0.001,0,0.001,0.0009899998350000082,,,0,1,0,1,0,0
nwm9,simple,0.99,0.001,1,0.08855038533709964,2.4829207760125593e-08,,0.08755038533709963,0,4,0,4,1,0
nwm9,simple,0.99,0.001,2,0.08854859633018149,1.3010426069826053e-17,,1.78900691814865e-06,0,7,0,7,2,3
nwm9,canonical,0.99,0.001,0,0.0019899998350000085,0.0009800987013517462,,,0,1,0,1,0,0
nwm9,canonical,0.99,0.001,1,0.08855062392543425,2.8140540523670377e-08,,0.08656062409043425,0,4,0,4,1,0
nwm9,canonical,0.99,0.001,2,0.08854859633018154,1.3010426069826053e-17,,2.0275952527099017e-06,0,7,0,7,2,3
nwm9,radvel,0.99,0.001,0,0.8425,0.10265364619414663,,,0,1,0,1,0,0
nwm9,radvel,0.99,0.001,1,0.25080669005841594,0.004103054276401203,,0.5916933099415841,0,4,0,4,1,0
nwm9,radvel,0.99,0.001,2,0.08876672312925168,3.0293981011378715e-06,,0.16203996692916425,0,7,0,7,2,3
nwm9,radvel,0.99,0.001,3,0.08854859633018185,8.673617379884035e-19,,0.00021812679906983712,0,10,0,10,3,6
nwm9,napier,0.99,0.001,0,0.58706999967,0.0376852577061626,,,0,1,0,1,0,0
nwm9,napier,0.99,0.001,1,0.16481634938177678,0.001385889219785886,,0.42225365028822315,0,4,0,4,1,0
nwm9,napier,0.99,0.001,2,0.08854663591145367,2.7207870344735097e-08,,0.0762697134703231,0,7,0,7,2,3
nwm9,napier,0.99,0.001,3,0.08854859633018182,8.673617379884035e-19,,1.960418728144675e-06,0,10,0,10,3,6
nwm11,simple,0.99,0.001,0,0.001,0.0009899998350000082,,,0,1,0,1,0,0
nwm11,simple,0.99,0.001,1,0.08855261860283653,5.582457278472536e-08,,0.08755261860283653,0,4,0,4,1,0
nwm11,simple,0.99,0.001,2,0.08854859633018189,8.673617379884035e-19,,4.022272654641279e-06,0,7,0,7,2,3
nwm11,canonical,0.99,0.001,0,0.0019899998350000085,0.0009800987013517462,,,0,1,0,1,0,0
nwm11,canonical,0.99,0.001,1,0.08855241451221833,5.2991992864105664e-08,,0.08656241467721833,0,4,0,4,1,0
nwm11,canonical,0.99,0.001,2,0.08854859633038593,2.8319360745321376e-15,,3.818181832399015e-06,0,7,0,7,2,3
nwm11,radvel,0.99,0.001,0,0.8425,0.10265364619414663,,,0,1,0,1,0,0
nwm11,radvel,0.99,0.001,1,0.16340488253397728,0.0013529996809004694,,0.6790951174660227,0,4,0,4,1,0
nwm11,radvel,0.99,0.001,2,0.08854859190748571,6.138121868420887e-11,,0.07485629062649157,0,7,0,7,2,3
nwm11,radvel,0.99,0.001,3,0.08854859633018203,8.673617379884035e-19,,4.422696320283137e-09,0,10,0,10,3,6
nwm11,napier,0.99,0.001,0,0.58706999967,0.0376852577061626,,,0,1,0,1,0,0
nwm11,napier,0.99,0.001,1,-0.014903521617635335,0.0011495814087949105,,0.6019735212876353,0,4,0,4,1,0
nwm11,napier,0.99,0.001,2,0.0885797308833649,4.321491671602576e-07,,0.10348325250100024,0,7,0,7,2,3
nwm11,napier,0.99,0.001,3,0.0885485963301814,1.3010426069826053e-17,,3.113455318350111e-05,0,10,0,10,3,6
newton,simple,0.99,0.1,0,0.1,0.09883508248035987,,,0,1,0,1,0,0
newton,simple,0.99,0.1,1,6.712866318585742,6.200451295382221,,6.612866318585742,0,2,0,2,1,0
newton,simple,0.99,0.1,2,-55.296417414853096,56.336612298335176,,62.009283733438835,0,3,0,3,2,0
newton,simple,0.99,0.1,3,26.357255805157422,25.326021021142147,,81.65367322001052,0,4,0,4,3,0
newton,simple,0.99,0.1,4,-11.784835936316199,12.582161854151247,,38.14209174147362,0,5,0,5,4,0
newton,simple,0.99,0.1,5,30.5415879164023,31.201036114057143,,42.3264238527185,0,6,0,6,5,0
newton,simple,0.99,0.1,6,-54.961624782303865,56.05149412803912,,85.50321269870616,0,7,0,7,6,0
newton,simple,0.99,0.1,7,0.20263598423878904,0.09660357262237834,,55.164260766542654,0,8,0,8,7,0
newton,simple,0.99,0.1,8,3.3955186573451646,3.5442125939891196,,3.1928826731063755,0,9,0,9,8,0
newton,simple,0.99,0.1,9,1.5856349395727853,0.4957439288653914,,1.8098837177723792,0,10,0,10,9,0
newton,simple,0.99,0.1,10,1.0970679077582584,0.11609309783896468,,0.488567031814527,0,11,0,11,10,0
newton,simple,0.99,0.1,11,0.8853562617992174,0.01895711247897222,,0.2117116459590409,0,12,0,12,11,0
newton,simple,0.99,0.1,12,0.8345759776747853,0.0009742454088020602,,0.05078028412443214,0,13,0,13,12,0
newton,simple,0.99,0.1,13,0.8316697167876492,3.0954074286826394e-06,,0.0029062608871360807,0,14,0,14,13,0
newton,simple,0.99,0.1,14,0.8316604238859047,3.15925896554603e-11,,9.292901744561988e-06,0,15,0,15,14,0
newton,simple,0.99,0.1,15,0.8316604237910568,2.7755575615628914e-17,,9.48479073059616e-11,0,16,0,16,15,0
newton,canonical,0.99,0.1,0,0.19883508248035986,0.09671714205033416,,,0,1,0,1,0,0
newton,canonical,0.99,0.1,1,3.4767569897953794,3.7023921123735457,,3.2779219073150196,0,2,0,2,1,0
newton,canonical,0.99,0.1,2,1.5632897301043287,0.47331762272531963,,1.9134672596910507,0,3,0,3,2,0
newton,canonical,0.99,0.1,3,1.086428330518655,0.110308606871061,,0.47686139958567364,0,4,0,4,3,0
newton,canonical,0.99,0.1,4,0.8817769314054908,0.01762579437597675,,0.2046513991131642,0,5,0,5,4,0
newton,canonical,0.99,0.1,5,0.8342138498989976,0.0008528999556856875,,0.04756308150649324,0,6,0,6,5,0
newton,canonical,0.99,0.1,6,0.8316675557572701,2.3755834387129138e-06,,0.0025462941417274676,0,7,0,7,6,0
newton,canonical,0.99,0.1,7,0.8316604238469213,1.8607754226351858e-11,,7.131910348845416e-06,0,8,0,8,7,0
newton,canonical,0.99,0.1,8,0.8316604237910568,2.7755575615628914e-17,,5.5864535219996014e-11,0,9,0,9,8,0
newton,radvel,0.99,0.1,0,0.9415,0.041142545127869495,,,0,1,0,1,0,0
newton,radvel,0.99,0.1,1,0.8429100519702012,0.0037935593537359036,,0.09858994802979881,0,2,0,2,1,0
newton,radvel,0.99,0.1,2,0.8317969727874623,4.548950933677687e-05,,0.01111307918273885,0,3,0,3,2,0
newton,radvel,0.99,0.1,3,0.831660444265154,6.819654591039281e-09,,0.00013652852230838786,0,4,0,4,3,0
newton,radvel,0.99,0.1,4,0.8316604237910573,1.942890293094024e-16,,2.0474096640299422e-08,0,5,0,5,4,0
newton,napier,0.99,0.1,0,0.7827601649607198,0.015426421652926209,,,0,1,0,1,0,0
newton,napier,0.99,0.1,1,0.8345058379323428,0.0009507347604314764,,0.051745672971623025,0,2,0,2,1,0
newton,napier,0.99,0.1,2,0.8316692760240212,2.9485918929539334e-06,,0.0028365619083216,0,3,0,3,2,0
newton,napier,0.99,0.1,3,0.8316604238771209,2.8666818918665626e-11,,8.852146900273361e-06,0,4,0,4,3,0
newton,napier,0.99,0.1,4,0.8316604237910569,2.7755575615628914e-17,,8.606404477973228e-11,0,5,0,5,4,0
danby,simple,0.99,0.1,0,0.1,0.09883508248035987,,,0,1,0,1,0,0
danby,simple,0.99,0.1,1,2.4000694141798387,1.6314115407693697,,2.3000694141798386,0,2,0,2,1,0
danby,simple,0.99,0.1,2,1.020746401857949,0.07677296024653965,,1.3793230123218896,0,3,0,3,2,0
danby,simple,0.99,0.1,3,0.8323211105221755,0.00022022584369460474,,0.18842529133577357,0,4,0,4,3,0
danby,simple,0.99,0.1,4,0.8316604237912217,5.492828414332962e-14,,0.0006606867309537634,0,5,0,5,4,0
danby,simple,0.99,0.1,5,0.8316604237910569,2.7755575615628914e-17,,1.6486811915683575e-13,0,6,0,6,5,0
danby,canonical,0.99,0.1,0,0.19883508248035986,0.09671714205033416,,,0,1,0,1,0,0
danby,canonical,0.99,0.1,1,1.6030836057231226,0.5135995827450336,,1.4042485232427628,0,2,0,2,1,0
danby,canonical,0.99,0.1,2,0.8759040141586281,0.015462581987914253,,0.7271795915644945,0,3,0,3,2,0
danby,canonical,0.99,0.1,3,0.8316633654527028,9.798322537502013e-07,,0.044240648705925256,0,4,0,4,3,0
danby,canonical,0.99,0.1,4,0.8316604237910564,1.3877787807814457e-16,,2.941661646382876e-06,0,5,0,5,4,0
danby,radvel,0.99,0.1,0,0.9415,0.041142545127869495,,,0,1,0,1,0,0
danby,radvel,0.99,0.1,1,0.8317537647787772,3.1093851750901846e-05,,0.10974623522122284,0,2,0,2,1,0
danby,radvel,0.99,0.1,2,0.8316604237910566,2.7755575615628914e-17,,9.33409877205138e-05,0,3,0,3,2,0
danby,napier,0.99,0.1,0,0.7827601649607198,0.015426421652926209,,,0,1,0,1,0,0
danby,napier,0.99,0.1,1,0.8316660891641227,1.8870735430664975e-06,,0.048905924203402895,0,2,0,2,1,0
danby,napier,0.99,0.1,2,0.8316604237910566,2.7755575615628914e-17,,5.6653730660105595e-06,0,3,0,3,2,0
nwm9,simple,0.99,0.1,0,0.1,0.09883508248035987,,,0,1,0,1,0,0
nwm9,simple,0.99,0.1,1,20988.927064072588,20988.774169255965,,20988.82706407259,0,4,0,4,1,0
nwm9,simple,0.99,0.1,2,2595.2496065917708,2594.8626507137687,,18393.67745748082,0,7,0,7,2,3
nwm9,simple,0.99,0.1,3,-15253283.1156951,15253282.665644478,,15255878.365301693,0,10,0,10,3,6
nwm9,simple,0.99,0.1,4,-1403841.3393825763,1403840.4781768976,,13849441.776312524,0,13,0,13,4,9
nwm9,simple,0.99,0.1,5,-9887.932316558186,9888.996119608073,,1393953.407066018,0,16,0,16,5,12
nwm9,simple,0.99,0.1,6,277.02567273218807,276.39517700689,,10164.957989290375,0,19,0,19,6,15
nwm9,simple,0.99,0.1,7,-36579.98030837288,36580.73647895794,,36857.00598110507,0,22,0,22,7,18
nwm9,simple,0.99,0.1,8,860857.3683658431,860858.2198723964,,897437.348674216,0,25,0,25,8,21
nwm9,simple,0.99,0.1,9,8605.999664259414,8606.814035334592,,852251.3687015837,0,28,0,28,9,24
nwm9,simple,0.99,0.1,10,-130.34437718367298,131.4338792416905,,8736.344041443088,0,31,0,31,10,27
nwm9,simple,0.99,0.1,11,-0.048885743491032294,0.10050813173976651,,130.29549144018193,0,34,0,34,11,30
nwm9,simple,0.99,0.1,12,53873.646038860665,53872.55701534879,,53873.694924604155,0,37,0,37,12,33
nwm9,simple,0.99,0.1,13,8.412240275264551,7.472543251701355,,53865.2337985854,0,40,0,40,13,36
nwm9,simple,0.99,0.1,14,-0.35465505794811975,0.11086081619732993,,8.766895333212672,0,43,0,43,14,39
nwm9,simple,0.99,0.1,15,-5.035188226308061,6.074055865870846,,4.680533168359942,0,46,0,46,15,42
nwm9,simple,0.99,0.1,16,1.1360770943311844,0.13815865266684743,,6.171265320639245,0,49,0,49,16,45
nwm9,simple,0.99,0.1,17,0.8317095406729755,1.6361074664267283e-05,,0.3043675536582089,0,52,0,52,17,48
nwm9,simple,0.99,0.1,18,0.8316604237910568,2.7755575615628914e-17,,4.9116881918775945e-05,0,55,0,55,18,51
nwm9,canonical,0.99,0.1,0,0.19883508248035986,0.09671714205033416,,,0,1,0,1,0,0
nwm9,canonical,0.99,0.1,1,2575.762766480364,2575.995912475154,,2575.5639313978836,0,4,0,4,1,0
nwm9,canonical,0.99,0.1,2,-6716002.135889101,6716002.613351776,,6718577.898655581,0,7,0,7,2,3
nwm9,canonical,0.99,0.1,3,8448014548.908706,8448014549.790044,,8454730551.044595,0,10,0,10,3,6
nwm9,canonical,0.99,0.1,4,-28692568.3146546,28692567.952618495,,8476707117.22336,0,13,0,13,4,9
nwm9,canonical,0.99,0.1,5,9996902359.855942,9996902358.86524,,10025594928.170597,0,16,0,16,5,12
nwm9,canonical,0.99,0.1,6,-4406138649.037933,4406138649.487101,,14403041008.893875,0,19,0,19,6,15
nwm9,canonical,0.99,0.1,7,8779414806675.707,8779414806676.265,,8783820945324.745,0,22,0,22,7,18
nwm9,canonical,0.99,0.1,8,676556605469.7987,676556605469.7504,,8102858201205.908,0,25,0,25,8,21
nwm9,canonical,0.99,0.1,9,-4.475386831199618e+17,4.475386831199618e+17,,4.4753935967656723e+17,0,27,0,28,9,24
nwm9,canonical,0.99,0.1,10,-1337987815246656.0,1337987815246656.5,,4.4620069530471514e+17,0,29,0,31,10,24
nwm9,canonical,0.99,0.1,11,1.340459712776115e+17,1.340459712776115e+17,,1.3538395909285816e+17,0,31,0,34,11,24
nwm9,canonical,0.99,0.1,12,8379211598046768.0,8379211598046769.0,,1.2566675967956474e+17,0,33,0,37,12,24
nwm9,canonical,0.99,0.1,13,4589322929635.041,4589322929634.336,,8374622275117133.0,0,36,0,40,13,24
nwm9,canonical,0.99,0.1,14,389111441889.2671,389111441888.2108,,4200211487745.774,0,39,0,43,14,27
nwm9,canonical,0.99,0.1,15,3297420946.7760754,3297420945.93689,,385814020942.491,0,42,0,46,15,30
nwm9,canonical,0.99,0.1,16,-23661074861.143707,23661074861.129494,,26958495807.919785,0,45,0,49,16,33
nwm9,canonical,0.99,0.1,17,4910067829453418.0,4910067829453419.0,,4910091490528279.0,0,47,0,52,17,36
nwm9,canonical,0.99,0.1,18,-267523858420822.94,267523858420822.2,,5177591687874241.0,0,50,0,55,18,36
nwm9,canonical,0.99,0.1,19,-11015693039968.898,11015693039968.766,,256508165380854.03,0,53,0,58,19,39
nwm9,canonical,0.99,0.1,20,1.8710388385790717e+17,1.8710388385790717e+17,,1.8711489955094714e+17,0,55,0,61,20,42
nwm9,canonical,0.99,0.1,21,8837452020994976.0,8837452020994977.0,,1.782664318369122e+17,0,57,0,64,21,42
nwm9,canonical,0.99,0.1,22,-6431108791176840.0,6431108791176841.0,,1.5268560812171816e+16,0,59,0,67,22,42
nwm9,canonical,0.99,0.1,23,38753961682708.89,38753961682708.625,,6469862752859549.0,0,62,0,70,23,42
nwm9,canonical,0.99,0.1,24,-2.9412065857944146e+18,2.9412065857944146e+18,,2.9412453397560975e+18,0,64,0,73,24,45
nwm9,canonical,0.99,0.1,25,3.82346499925559e+19,3.82346499925559e+19,,4.117585657835031e+19,0,66,0,76,25,45
nwm9,canonical,0.99,0.1,26,9.270175992922931e+17,9.270175992922931e+17,,3.73076323932636e+19,0,68,0,79,26,45
nwm9,canonical,0.99,0.1,27,8.369554160066253e+16,8.369554160066253e+16,,8.433220576916306e+17,0,70,0,82,27,45
nwm9,canonical,0.99,0.1,28,1265201430639552.0,1265201430639551.8,,8.243034017002298e+16,0,72,0,85,28,45
nwm9,canonical,0.99,0.1,29,149252921786804.94,149252921786804.56,,1115948508852747.0,0,75,0,88,29,45
nwm9,canonical,0.99,0.1,30,-1.0298928829737672e+18,1.0298928829737672e+18,,1.0300421358955539e+18,0,77,0,91,30,48
nwm9,canonical,0.99,0.1,31,-9.407992558323085e+16,9.407992558323085e+16,,9.358129573905363e+17,0,79,0,94,31,48
nwm9,canonical,0.99,0.1,32,-364559997734303.94,364559997734304.8,,9.371536558549654e+16,0,82,0,97,32,48
nwm9,canonical,0.99,0.1,33,-22371223223102.484,22371223223102.812,,342188774511201.44,0,85,0,100,33,51
nwm9,canonical,0.99,0.1,34,4.196609971564219e+17,4.196609971564219e+17,,4.19683368379645e+17,0,87,0,103,34,54
nwm9,canonical,0.99,0.1,35,-6.137242899581288e+19,6.137242899581288e+19,,6.17920899929693e+19,0,89,0,106,35,54
nwm9,canonical,0.99,0.1,36,7.817195355030209e+18,7.817195355030209e+18,,6.9189624350843085e+19,0,91,0,109,36,54
nwm9,canonical,0.99,0.1,37,-3.8372199595274294e+21,3.8372199595274294e+21,,3.8450371548824595e+21,0,93,0,112,37,54
nwm9,canonical,0.99,0.1,38,-6.8250845989603115e+19,6.8250845989603115e+19,,3.768969113537826e+21,0,95,0,115,38,54
nwm9,canonical,0.99,0.1,39,-7.672151834663313e+18,7.672151834663313e+18,,6.05786941549398e+19,0,97,0,118,39,54
nwm9,canonical,0.99,0.1,40,-8.524249961086054e+17,8.524249961086054e+17,,6.819726838554708e+18,0,99,0,121,40,54
nwm9,canonical,0.99,0.1,41,2.014560711678715e+18,2.014560711678715e+18,,2.8669857077873203e+18,0,101,0,124,41,54
nwm9,canonical,0.99,0.1,42,-1.7826598078082717e+21,1.7826598078082717e+21,,1.7846743685199503e+21,0,103,0,127,42,54
nwm9,canonical,0.99,0.1,43,-7.159420263006287e+19,7.159420263006287e+19,,1.7110656051782088e+21,0,105,0,130,43,54
nwm9,canonical,0.99,0.1,44,8.032170159601795e+18,8.032170159601795e+18,,7.962637278966466e+19,0,107,0,133,44,54
nwm9,canonical,0.99,0.1,45,-2.0030302894621274e+19,2.0030302894621274e+19,,2.806247305422307e+19,0,109,0,136,45,54
nwm9,canonical,0.99,0.1,46,2.230019216897991e+22,2.230019216897991e+22,,2.232022247187453e+22,0,111,0,139,46,54
nwm9,canonical,0.99,0.1,47,-8.855821599913058e+26,8.855821599913058e+26,,8.856044601834748e+26,0,113,0,142,47,54
nwm9,canonical,0.99,0.1,48,1.863913246983378e+27,1.863913246983378e+27,,2.749495406974684e+27,0,115,0,145,48,54
nwm9,canonical,0.99,0.1,49,-2.8561515559884046e+27,2.8561515559884046e+27,,4.720064802971783e+27,0,117,0,148,49,54
nwm9,canonical,0.99,0.1,50,-2.3987745450904165e+24,2.3987745450904165e+24,,2.853752781443314e+27,0,119,0,151,50,54
nwm9,radvel,0.99,0.1,0,0.9415,0.041142545127869495,,,0,1,0,1,0,0
nwm9,radvel,0.99,0.1,1,0.831660761733822,1.1256436469042619e-07,,0.10983923826617803,0,4,0,4,1,0
nwm9,radvel,0.99,0.1,2,0.8316604237910568,2.7755575615628914e-17,,3.379427652161482e-07,0,7,0,7,2,3
nwm9,napier,0.99,0.1,0,0.7827601649607198,0.015426421652926209,,,0,1,0,1,0,0
nwm9,napier,0.99,0.1,1,0.8316604277616809,1.3225631423363637e-09,,0.04890026280096116,0,4,0,4,1,0
nwm9,napier,0.99,0.1,2,0.8316604237910571,8.326672684688674e-17,,3.970623829729902e-09,0,7,0,7,2,3
nwm11,simple,0.99,0.1,0,0.1,0.09883508248035987,,,0,1,0,1,0,0
nwm11,simple,0.99,0.1,1,1.0596018753705443,0.0961627019844152,,0.9596018753705443,0,4,0,4,1,0
nwm11,simple,0.99,0.1,2,0.831660428269543,1.4917252710855422e-09,,0.22794144710100128,0,7,0,7,2,3
nwm11,simple,0.99,0.1,3,0.8316604237910569,2.7755575615628914e-17,,4.478486137493576e-09,0,9,0,10,3,6
nwm11,canonical,0.99,0.1,0,0.19883508248035986,0.09671714205033416,,,0,1,0,1,0,0
nwm11,canonical,0.99,0.1,1,0.882178259035048,0.01777457879738617,,0.6833431765546881,0,4,0,4,1,0
nwm11,canonical,0.99,0.1,2,0.8316604237910573,1.942890293094024e-16,,0.05051783524399067,0,7,0,7,2,3
nwm11,radvel,0.99,0.1,0,0.9415,0.041142545127869495,,,0,1,0,1,0,0
nwm11,radvel,0.99,0.1,1,0.8316604263689977,8.586785449349321e-10,,0.10983957363100227,0,4,0,4,1,0
nwm11,radvel,0.99,0.1,2,0.8316604237910571,8.326672684688674e-17,,2.577940638737175e-09,0,7,0,7,2,3
nwm11,napier,0.99,0.1,0,0.7827601649607198,0.015426421652926209,,,0,1,0,1,0,0
nwm11,napier,0.99,0.1,1,0.8316604237985882,2.508632190867388e-12,,0.048900258837868416,0,4,0,4,1,0
nwm11,napier,0.99,0.1,2,0.8316604237910568,2.7755575615628914e-17,,7.531419932149674e-12,0,6,0,7,2,3
newton,simple,0.99,1.0,0,1.0,0.8330562749598175,,,0,1,0,1,0,0
newton,simple,0.99,1.0,1,2.7911309188941376,1.4512327221517562,,1.7911309188941376,0,2,0,2,1,0
newton,simple,0.99,1.0,2,2.0391275655653187,0.15572798810483302,,0.7520033533288188,0,3,0,3,2,0
newton,simple,0.99,1.0,3,1.9314976498938559,0.005204609769751567,,0.10762991567146285,0,4,0,4,3,0
newton,simple,0.99,1.0,4,1.9276406726355428,6.893227083804021e-06,,0.0038569772583130213,0,5,0,5,4,0
newton,simple,0.99,1.0,5,1.9276355507048764,1.2168044349891716e-11,,5.121930666485142e-06,0,6,0,6,5,0
newton,simple,0.99,1.0,6,1.927635550695835,0.0,,9.04143426794235e-12,0,7,0,7,6,0
newton,canonical,0.99,1.0,0,1.8330562749598176,0.12309218187474535,,,0,1,0,1,0,0
newton,canonical,0.99,1.0,1,1.9310072563897918,0.0045429835702284205,,0.09795098142997416,0,2,0,2,1,0
newton,canonical,0.99,1.0,2,1.9276394562847592,5.256231350170282e-06,,0.00336780010503257,0,3,0,3,2,0
newton,canonical,0.99,1.0,3,1.9276355507010918,7.0747852021213475e-12,,3.905583667362933e-06,0,4,0,4,3,0
newton,canonical,0.99,1.0,4,1.927635550695835,0.0,,5.256906021600116e-12,0,5,0,5,4,0
newton,radvel,0.99,1.0,0,1.8415,0.11244713634789238,,,0,1,0,1,0,0
newton,radvel,0.99,1.0,1,1.9304096102405015,0.0037369561095155213,,0.08890961024050159,0,2,0,2,1,0
newton,radvel,0.99,1.0,2,1.9276381959173454,3.559998366764461e-06,,0.002771414323156085,0,3,0,3,2,0
newton,radvel,0.99,1.0,3,1.9276355506982465,3.2456259901891826e-12,,2.645219098873497e-06,0,4,0,4,3,0
newton,radvel,0.99,1.0,4,1.927635550695835,0.0,,2.411626454090765e-12,0,5,0,5,4,0
newton,napier,0.99,1.0,0,2.251202549919635,0.481658497828503,,,0,1,0,1,0,0
newton,napier,0.99,1.0,1,1.954398736114916,0.03634955485530034,,0.2968038138047189,0,2,0,2,1,0
newton,napier,0.99,1.0,2,1.927876297702346,0.0003240293008492934,,0.02652243841256996,0,3,0,3,2,0
newton,napier,0.99,1.0,3,1.9276355706660973,2.6876401992836918e-08,,0.0002407270362487779,0,4,0,4,3,0
newton,napier,0.99,1.0,4,1.9276355506958351,4.440892098500626e-16,,1.9970262110646786e-08,0,5,0,5,4,0
danby,simple,0.99,1.0,0,1.0,0.8330562749598175,,,0,1,0,1,0,0
danby,simple,0.99,1.0,1,2.0494896116718446,0.17076800829751626,,1.0494896116718446,0,2,0,2,1,0
danby,simple,0.99,1.0,2,1.9276403212742264,6.420355971981095e-06,,0.12184929039761827,0,3,0,3,2,0
danby,simple,0.99,1.0,3,1.927635550695835,0.0,,4.7705783914331334e-06,0,4,0,4,3,0
danby,canonical,0.99,1.0,0,1.8330562749598176,0.12309218187474535,,,0,1,0,1,0,0
danby,canonical,0.99,1.0,1,1.9276381405570377,3.4854931580952098e-06,,0.09458186559722015,0,2,0,2,1,0
danby,canonical,0.99,1.0,2,1.927635550695835,0.0,,2.5898612028285584e-06,0,3,0,3,2,0
danby,radvel,0.99,1.0,0,1.8415,0.11244713634789238,,,0,1,0,1,0,0
danby,radvel,0.99,1.0,1,1.927637303072997,2.3583877155619604e-06,,0.08613730307299705,0,2,0,2,1,0
danby,radvel,0.99,1.0,2,1.927635550695835,0.0,,1.7523771620453488e-06,0,3,0,3,2,0
danby,napier,0.99,1.0,0,2.251202549919635,0.481658497828503,,,0,1,0,1,0,0
danby,napier,0.99,1.0,1,1.9278093744672429,0.00023394972609480646,,0.323393175452392,0,2,0,2,1,0
danby,napier,0.99,1.0,2,1.927635550695835,0.0,,0.0001738237714079549,0,3,0,3,2,0
nwm9,simple,0.99,1.0,0,1.0,0.8330562749598175,,,0,1,0,1,0,0
nwm9,simple,0.99,1.0,1,0.23102213467857768,0.995660761555621,,0.7689778653214223,0,4,0,4,1,0
nwm9,simple,0.99,1.0,2,17424.671948028106,17422.69650611652,,17424.44092589343,0,7,0,7,2,3
nwm9,simple,0.99,1.0,3,-144.81064229021007,145.52055602565866,,17569.482590318315,0,10,0,10,3,6
nwm9,simple,0.99,1.0,4,806879.0823022561,806879.0339831992,,807023.8929445463,0,13,0,13,4,9
nwm9,simple,0.99,1.0,5,-42579.226246709935,42581.15629909445,,849458.3085489661,0,16,0,16,5,12
nwm9,simple,0.99,1.0,6,-687.2187419788136,687.5154579867902,,41892.00750473112,0,19,0,19,6,15
nwm9,simple,0.99,1.0,7,-37.45156877364335,38.69414121137703,,649.7671732051703,0,22,0,22,7,18
nwm9,simple,0.99,1.0,8,526205.1867844879,526203.36256897,,526242.6383532615,0,25,0,25,8,21
nwm9,simple,0.99,1.0,9,-942560.6385232244,942560.7304785453,,1468765.8253077124,0,28,0,28,9,24
nwm9,simple,0.99,1.0,10,260365.81980372776,260364.86478588072,,1202926.458326952,0,31,0,31,10,27
nwm9,simple,0.99,1.0,11,31998.84393067797,31998.822522564107,,228366.97587304979,0,34,0,34,11,30
nwm9,simple,0.99,1.0,12,-776.7119338578796,778.3784169616276,,32775.55586453585,0,37,0,37,12,33
nwm9,simple,0.99,1.0,13,-16.626325325086974,18.41298749697907,,760.0856085327925,0,40,0,40,13,36
nwm9,simple,0.99,1.0,14,1.439671435430478,0.5418298522153158,,18.06599676051745,0,43,0,43,14,39
nwm9,simple,0.99,1.0,15,1.9155609474138369,0.016182533336484117,,0.4758895119833588,0,46,0,46,15,42
nwm9,simple,0.99,1.0,16,1.927635550695835,0.0,,0.012074603281998053,0,49,0,49,16,45
nwm9,canonical,0.99,1.0,0,1.8330562749598176,0.12309218187474535,,,0,1,0,1,0,0
nwm9,canonical,0.99,1.0,1,1.9276355511735177,6.428755305876166e-10,,0.0945792762137001,0,4,0,4,1,0
nwm9,canonical,0.99,1.0,2,1.927635550695835,0.0,,4.776827822183805e-10,0,5,0,7,2,0
nwm9,radvel,0.99,1.0,0,1.8415,0.11244713634789238,,,0,1,0,1,0,0
nwm9,radvel,0.99,1.0,1,1.9276355509077883,2.8525137807378087e-10,,0.08613555090778835,0,4,0,4,1,0
nwm9,radvel,0.99,1.0,2,1.927635550695835,0.0,,2.119533437650034e-10,0,5,0,7,2,0
nwm9,napier,0.99,1.0,0,2.251202549919635,0.481658497828503,,,0,1,0,1,0,0
nwm9,napier,0.99,1.0,1,1.9276361184487805,7.640940857811529e-07,,0.3235664314708544,0,4,0,4,1,0
nwm9,napier,0.99,1.0,2,1.927635550695835,0.0,,5.677529455461183e-07,0,6,0,7,2,3
nwm11,simple,0.99,1.0,0,1.0,0.8330562749598175,,,0,1,0,1,0,0
nwm11,simple,0.99,1.0,1,1.9272776591676513,0.0004815985856206906,,0.9272776591676513,0,4,0,4,1,0
nwm11,simple,0.99,1.0,2,1.927635550695835,0.0,,0.00035789152818366254,0,6,0,7,2,3
nwm11,canonical,0.99,1.0,0,1.8330562749598176,0.12309218187474535,,,0,1,0,1,0,0
nwm11,canonical,0.99,1.0,1,1.927635550695252,7.843725668976731e-13,,0.09457927573543445,0,4,0,4,1,0
nwm11,canonical,0.99,1.0,2,1.927635550695835,0.0,,5.828670879282072e-13,0,5,0,6,2,1
nwm11,radvel,0.99,1.0,0,1.8415,0.11244713634789238,,,0,1,0,1,0,0
nwm11,radvel,0.99,1.0,1,1.9276355506955631,3.658184866139891e-13,,0.08613555069556322,0,4,0,4,1,0
nwm11,radvel,0.99,1.0,2,1.927635550695835,0.0,,2.717825964282383e-13,0,5,0,6,2,1
nwm11,napier,0.99,1.0,0,2.251202549919635,0.481658497828503,,,0,1,0,1,0,0
nwm11,napier,0.99,1.0,1,1.9276355477523743,3.961371564109584e-09,,0.32356700216726053,0,4,0,4,1,0
nwm11,napier,0.99,1.0,2,1.927635550695835,0.0,,2.9434605863798424e-09,0,5,0,6,2,1
newton,simple,0.99,3.0,0,3.0,0.13970880797926855,,,0,1,0,1,0,0
newton,simple,0.99,3.0,1,3.070556705267546,0.00029024656979492747,,0.07055670526754598,0,2,0,2,1,0
newton,simple,0.99,3.0,2,3.0704106694947506,7.497793497179828e-10,,0.00014603577279537205,0,3,0,3,2,0
newton,simple,0.99,3.0,3,3.0704106691175017,0.0,,3.7724889878631984e-10,0,4,0,4,3,0
newton,canonical,0.99,3.0,0,3.1397088079792685,0.13784380192796153,,,0,1,0,1,0,0
newton,canonical,0.99,3.0,1,3.0704405046571313,5.929795617909406e-05,,0.06926830332213729,0,2,0,2,1,0
newton,canonical,0.99,3.0,2,3.070410669133265,3.132960557650222e-11,,2.9835523866150737e-05,0,3,0,3,2,0
newton,canonical,0.99,3.0,3,3.0704106691175017,0.0,,1.5763390592837823e-11,0,4,0,4,3,0
newton,radvel,0.99,3.0,0,3.8415,1.4792053509073284,,,0,1,0,1,0,0
newton,radvel,0.99,3.0,1,2.999728511483712,0.14024637522169625,,0.8417714885162879,0,2,0,2,1,0
newton,radvel,0.99,3.0,2,3.0705580607214307,0.000292940538830333,,0.07082954923771867,0,3,0,3,2,0
newton,radvel,0.99,3.0,3,3.0704106695017814,7.637530607951248e-10,,0.00014739121964923996,0,4,0,4,3,0
newton,radvel,0.99,3.0,4,3.0704106691175017,0.0,,3.8427971915666603e-10,0,5,0,5,4,0
newton,napier,0.99,3.0,0,3.1397088079792685,0.13784380192796153,,,0,1,0,1,0,0
newton,napier,0.99,3.0,1,3.0704405046571313,5.929795617909406e-05,,0.06926830332213729,0,2,0,2,1,0
newton,napier,0.99,3.0,2,3.070410669133265,3.132960557650222e-11,,2.9835523866150737e-05,0,3,0,3,2,0
newton,napier,0.99,3.0,3,3.0704106691175017,0.0,,1.5763390592837823e-11,0,4,0,4,3,0
danby,simple,0.99,3.0,0,3.0,0.13970880797926855,,,0,1,0,1,0,0
danby,simple,0.99,3.0,1,3.070410652616495,3.2795634652416084e-08,,0.07041065261649493,0,2,0,2,1,0
danby,simple,0.99,3.0,2,3.0704106691175017,0.0,,1.6501006783187222e-08,0,3,0,3,2,0
danby,canonical,0.99,3.0,0,3.1397088079792685,0.13784380192796153,,,0,1,0,1,0,0
danby,canonical,0.99,3.0,1,3.0704106844595507,3.0492214087018965e-08,,0.06929812351971787,0,2,0,2,1,0
danby,canonical,0.99,3.0,2,3.0704106691175017,0.0,,1.534204896458391e-08,0,3,0,3,2,0
danby,radvel,0.99,3.0,0,3.8415,1.4792053509073284,,,0,1,0,1,0,0
danby,radvel,0.99,3.0,1,3.072198591060763,0.0035535938666555467,,0.7693014089392367,0,2,0,2,1,0
danby,radvel,0.99,3.0,2,3.0704106691175017,0.0,,0.0017879219432614946,0,3,0,3,2,0
danby,napier,0.99,3.0,0,3.1397088079792685,0.13784380192796153,,,0,1,0,1,0,0
danby,napier,0.99,3.0,1,3.0704106844595507,3.0492214087018965e-08,,0.06929812351971787,0,2,0,2,1,0
danby,napier,0.99,3.0,2,3.0704106691175017,0.0,,1.534204896458391e-08,0,3,0,3,2,0
nwm9,simple,0.99,3.0,0,3.0,0.13970880797926855,,,0,1,0,1,0,0
nwm9,simple,0.99,3.0,1,3.0704106691175017,0.0,,0.07041066911750171,0,4,0,4,1,0
nwm9,canonical,0.99,3.0,0,3.1397088079792685,0.13784380192796153,,,0,1,0,1,0,0
nwm9,canonical,0.99,3.0,1,3.0704106691175017,0.0,,0.06929813886176683,0,4,0,4,1,0
nwm9,radvel,0.99,3.0,0,3.8415,1.4792053509073284,,,0,1,0,1,0,0
nwm9,radvel,0.99,3.0,1,3.070411320471186,1.29456087405444e-06,,0.7710886795288139,0,4,0,4,1,0
nwm9,radvel,0.99,3.0,2,3.0704106691175017,0.0,,6.513536843222312e-07,0,6,0,7,2,3
nwm9,napier,0.99,3.0,0,3.1397088079792685,0.13784380192796153,,,0,1,0,1,0,0
nwm9,napier,0.99,3.0,1,3.0704106691175017,0.0,,0.06929813886176683,0,4,0,4,1,0
nwm11,simple,0.99,3.0,0,3.0,0.13970880797926855,,,0,1,0,1,0,0
nwm11,simple,0.99,3.0,1,3.0704106691175017,0.0,,0.07041066911750171,0,4,0,4,1,0
nwm11,canonical,0.99,3.0,0,3.1397088079792685,0.13784380192796153,,,0,1,0,1,0,0
nwm11,canonical,0.99,3.0,1,3.0704106691175017,0.0,,0.06929813886176683,0,4,0,4,1,0
nwm11,radvel,0.99,3.0,0,3.8415,1.4792053509073284,,,0,1,0,1,0,0
nwm11,radvel,0.99,3.0,1,3.070411286462385,1.226968620038349e-06,,0.771088713537615,0,4,0,4,1,0
nwm11,radvel,0.99,3.0,2,3.0704106691175017,0.0,,6.17344883213633e-07,0,5,0,6,2,1
nwm11,napier,0.99,3.0,0,3.1397088079792685,0.13784380192796153,,,0,1,0,1,0,0
nwm11,napier,0.99,3.0,1,3.0704106691175017,0.0,,0.06929813886176683,0,4,0,4,1,0
